-- MySQL dump 10.13  Distrib 5.7.17, for osx10.12 (x86_64)
--
-- Host: localhost    Database: huaxia
-- ------------------------------------------------------
-- Server version	5.7.17

/*!40101 SET @OLD_CHARACTER_SET_CLIENT=@@CHARACTER_SET_CLIENT */;
/*!40101 SET @OLD_CHARACTER_SET_RESULTS=@@CHARACTER_SET_RESULTS */;
/*!40101 SET @OLD_COLLATION_CONNECTION=@@COLLATION_CONNECTION */;
/*!40101 SET NAMES utf8 */;
/*!40103 SET @OLD_TIME_ZONE=@@TIME_ZONE */;
/*!40103 SET TIME_ZONE='+00:00' */;
/*!40014 SET @OLD_UNIQUE_CHECKS=@@UNIQUE_CHECKS, UNIQUE_CHECKS=0 */;
/*!40014 SET @OLD_FOREIGN_KEY_CHECKS=@@FOREIGN_KEY_CHECKS, FOREIGN_KEY_CHECKS=0 */;
/*!40101 SET @OLD_SQL_MODE=@@SQL_MODE, SQL_MODE='NO_AUTO_VALUE_ON_ZERO' */;
/*!40111 SET @OLD_SQL_NOTES=@@SQL_NOTES, SQL_NOTES=0 */;

--
-- Table structure for table `gen_scheme`
--

DROP TABLE IF EXISTS `gen_scheme`;
/*!40101 SET @saved_cs_client     = @@character_set_client */;
/*!40101 SET character_set_client = utf8 */;
CREATE TABLE `gen_scheme` (
  `id` varchar(64) NOT NULL COMMENT '编号',
  `name` varchar(200) DEFAULT NULL COMMENT '名称',
  `category` varchar(2000) DEFAULT NULL COMMENT '分类',
  `package_name` varchar(500) DEFAULT NULL COMMENT '生成包路径',
  `module_name` varchar(30) DEFAULT NULL COMMENT '生成模块名',
  `sub_module_name` varchar(30) DEFAULT NULL COMMENT '生成子模块名',
  `function_name` varchar(500) DEFAULT NULL COMMENT '生成功能名',
  `function_name_simple` varchar(100) DEFAULT NULL COMMENT '生成功能名（简写）',
  `function_author` varchar(100) DEFAULT NULL COMMENT '生成功能作者',
  `gen_table_id` varchar(200) DEFAULT NULL COMMENT '生成表编号',
  `create_by` varchar(64) DEFAULT NULL COMMENT '创建者',
  `create_date` datetime DEFAULT NULL COMMENT '创建时间',
  `update_by` varchar(64) DEFAULT NULL COMMENT '更新者',
  `update_date` datetime DEFAULT NULL COMMENT '更新时间',
  `remarks` varchar(255) DEFAULT NULL COMMENT '备注信息',
  `del_flag` char(1) NOT NULL DEFAULT '0' COMMENT '删除标记（0：正常；1：删除）',
  PRIMARY KEY (`id`),
  KEY `gen_scheme_del_flag` (`del_flag`)
) ENGINE=InnoDB DEFAULT CHARSET=utf8 COMMENT='生成方案';
/*!40101 SET character_set_client = @saved_cs_client */;

--
-- Dumping data for table `gen_scheme`
--

LOCK TABLES `gen_scheme` WRITE;
/*!40000 ALTER TABLE `gen_scheme` DISABLE KEYS */;
/*!40000 ALTER TABLE `gen_scheme` ENABLE KEYS */;
UNLOCK TABLES;

--
-- Table structure for table `gen_table`
--

DROP TABLE IF EXISTS `gen_table`;
/*!40101 SET @saved_cs_client     = @@character_set_client */;
/*!40101 SET character_set_client = utf8 */;
CREATE TABLE `gen_table` (
  `id` varchar(64) NOT NULL COMMENT '编号',
  `name` varchar(200) DEFAULT NULL COMMENT '名称',
  `comments` varchar(500) DEFAULT NULL COMMENT '描述',
  `class_name` varchar(100) DEFAULT NULL COMMENT '实体类名称',
  `parent_table` varchar(200) DEFAULT NULL COMMENT '关联父表',
  `parent_table_fk` varchar(100) DEFAULT NULL COMMENT '关联父表外键',
  `create_by` varchar(64) DEFAULT NULL COMMENT '创建者',
  `create_date` datetime DEFAULT NULL COMMENT '创建时间',
  `update_by` varchar(64) DEFAULT NULL COMMENT '更新者',
  `update_date` datetime DEFAULT NULL COMMENT '更新时间',
  `remarks` varchar(255) DEFAULT NULL COMMENT '备注信息',
  `del_flag` char(1) NOT NULL DEFAULT '0' COMMENT '删除标记（0：正常；1：删除）',
  PRIMARY KEY (`id`),
  KEY `gen_table_name` (`name`),
  KEY `gen_table_del_flag` (`del_flag`)
) ENGINE=InnoDB DEFAULT CHARSET=utf8 COMMENT='业务表';
/*!40101 SET character_set_client = @saved_cs_client */;

--
-- Dumping data for table `gen_table`
--

LOCK TABLES `gen_table` WRITE;
/*!40000 ALTER TABLE `gen_table` DISABLE KEYS */;
/*!40000 ALTER TABLE `gen_table` ENABLE KEYS */;
UNLOCK TABLES;

--
-- Table structure for table `gen_table_column`
--

DROP TABLE IF EXISTS `gen_table_column`;
/*!40101 SET @saved_cs_client     = @@character_set_client */;
/*!40101 SET character_set_client = utf8 */;
CREATE TABLE `gen_table_column` (
  `id` varchar(64) NOT NULL COMMENT '编号',
  `gen_table_id` varchar(64) DEFAULT NULL COMMENT '归属表编号',
  `name` varchar(200) DEFAULT NULL COMMENT '名称',
  `comments` varchar(500) DEFAULT NULL COMMENT '描述',
  `jdbc_type` varchar(100) DEFAULT NULL COMMENT '列的数据类型的字节长度',
  `java_type` varchar(500) DEFAULT NULL COMMENT 'JAVA类型',
  `java_field` varchar(200) DEFAULT NULL COMMENT 'JAVA字段名',
  `is_pk` char(1) DEFAULT NULL COMMENT '是否主键',
  `is_null` char(1) DEFAULT NULL COMMENT '是否可为空',
  `is_insert` char(1) DEFAULT NULL COMMENT '是否为插入字段',
  `is_edit` char(1) DEFAULT NULL COMMENT '是否编辑字段',
  `is_list` char(1) DEFAULT NULL COMMENT '是否列表字段',
  `is_query` char(1) DEFAULT NULL COMMENT '是否查询字段',
  `query_type` varchar(200) DEFAULT NULL COMMENT '查询方式（等于、不等于、大于、小于、范围、左LIKE、右LIKE、左右LIKE）',
  `show_type` varchar(200) DEFAULT NULL COMMENT '字段生成方案（文本框、文本域、下拉框、复选框、单选框、字典选择、人员选择、部门选择、区域选择）',
  `dict_type` varchar(200) DEFAULT NULL COMMENT '字典类型',
  `settings` varchar(2000) DEFAULT NULL COMMENT '其它设置（扩展字段JSON）',
  `sort` decimal(10,0) DEFAULT NULL COMMENT '排序（升序）',
  `create_by` varchar(64) DEFAULT NULL COMMENT '创建者',
  `create_date` datetime DEFAULT NULL COMMENT '创建时间',
  `update_by` varchar(64) DEFAULT NULL COMMENT '更新者',
  `update_date` datetime DEFAULT NULL COMMENT '更新时间',
  `remarks` varchar(255) DEFAULT NULL COMMENT '备注信息',
  `del_flag` char(1) NOT NULL DEFAULT '0' COMMENT '删除标记（0：正常；1：删除）',
  PRIMARY KEY (`id`),
  KEY `gen_table_column_table_id` (`gen_table_id`),
  KEY `gen_table_column_name` (`name`),
  KEY `gen_table_column_sort` (`sort`),
  KEY `gen_table_column_del_flag` (`del_flag`)
) ENGINE=InnoDB DEFAULT CHARSET=utf8 COMMENT='业务表字段';
/*!40101 SET character_set_client = @saved_cs_client */;

--
-- Dumping data for table `gen_table_column`
--

LOCK TABLES `gen_table_column` WRITE;
/*!40000 ALTER TABLE `gen_table_column` DISABLE KEYS */;
/*!40000 ALTER TABLE `gen_table_column` ENABLE KEYS */;
UNLOCK TABLES;

--
-- Table structure for table `gen_template`
--

DROP TABLE IF EXISTS `gen_template`;
/*!40101 SET @saved_cs_client     = @@character_set_client */;
/*!40101 SET character_set_client = utf8 */;
CREATE TABLE `gen_template` (
  `id` varchar(64) NOT NULL COMMENT '编号',
  `name` varchar(200) DEFAULT NULL COMMENT '名称',
  `category` varchar(2000) DEFAULT NULL COMMENT '分类',
  `file_path` varchar(500) DEFAULT NULL COMMENT '生成文件路径',
  `file_name` varchar(200) DEFAULT NULL COMMENT '生成文件名',
  `content` text COMMENT '内容',
  `create_by` varchar(64) DEFAULT NULL COMMENT '创建者',
  `create_date` datetime DEFAULT NULL COMMENT '创建时间',
  `update_by` varchar(64) DEFAULT NULL COMMENT '更新者',
  `update_date` datetime DEFAULT NULL COMMENT '更新时间',
  `remarks` varchar(255) DEFAULT NULL COMMENT '备注信息',
  `del_flag` char(1) NOT NULL DEFAULT '0' COMMENT '删除标记（0：正常；1：删除）',
  PRIMARY KEY (`id`),
  KEY `gen_template_del_falg` (`del_flag`)
) ENGINE=InnoDB DEFAULT CHARSET=utf8 COMMENT='代码模板表';
/*!40101 SET character_set_client = @saved_cs_client */;

--
-- Dumping data for table `gen_template`
--

LOCK TABLES `gen_template` WRITE;
/*!40000 ALTER TABLE `gen_template` DISABLE KEYS */;
/*!40000 ALTER TABLE `gen_template` ENABLE KEYS */;
UNLOCK TABLES;

--
-- Table structure for table `mms_assess_suggestion`
--

DROP TABLE IF EXISTS `mms_assess_suggestion`;
/*!40101 SET @saved_cs_client     = @@character_set_client */;
/*!40101 SET character_set_client = utf8 */;
CREATE TABLE `mms_assess_suggestion` (
  `id` varchar(64) NOT NULL COMMENT '编号',
  `sequence` varchar(64) NOT NULL COMMENT '序号',
  `suggestion_type` char(1) NOT NULL COMMENT '意见类别',
  `main_content` text COMMENT '主要内容',
  `issuance_date` datetime DEFAULT NULL COMMENT '出具日期',
  `create_by` varchar(64) DEFAULT NULL COMMENT '创建者',
  `create_date` datetime DEFAULT NULL COMMENT '创建时间',
  `update_by` varchar(64) DEFAULT NULL COMMENT '更新者',
  `update_date` datetime DEFAULT NULL COMMENT '更新时间',
  `remarks` varchar(255) DEFAULT NULL COMMENT '备注信息',
  `del_flag` char(1) NOT NULL DEFAULT '0' COMMENT '删除标记',
  PRIMARY KEY (`id`)
) ENGINE=InnoDB DEFAULT CHARSET=utf8 COMMENT='审评意见';
/*!40101 SET character_set_client = @saved_cs_client */;

--
-- Dumping data for table `mms_assess_suggestion`
--

LOCK TABLES `mms_assess_suggestion` WRITE;
/*!40000 ALTER TABLE `mms_assess_suggestion` DISABLE KEYS */;
/*!40000 ALTER TABLE `mms_assess_suggestion` ENABLE KEYS */;
UNLOCK TABLES;

--
-- Table structure for table `mms_comprehensive_product`
--

DROP TABLE IF EXISTS `mms_comprehensive_product`;
/*!40101 SET @saved_cs_client     = @@character_set_client */;
/*!40101 SET character_set_client = utf8 */;
CREATE TABLE `mms_comprehensive_product` (
  `id` varchar(64) NOT NULL COMMENT '编号',
  `arrival_time` datetime DEFAULT NULL COMMENT '来款时间',
  `sample_time` datetime DEFAULT NULL COMMENT '来样时间',
  `sample_quantity` varchar(10) DEFAULT NULL COMMENT '样品数量',
  `administrative_license_inspection_no` varchar(64) DEFAULT NULL COMMENT '行政许可检验受理编号',
  `administrative_license_inspection_report_time` datetime DEFAULT NULL COMMENT '行政许可检验取报告时间',
  `human_test_acceptance_no` varchar(64) DEFAULT NULL COMMENT '人体检验受理编号',
  `human_test_acceptance_report_time` datetime DEFAULT NULL COMMENT '人体检验取报告时间',
  `risk_test_acceptance_no` varchar(64) DEFAULT NULL COMMENT '风险检验受理编号',
  `risk_test_acceptance_report_time` datetime DEFAULT NULL COMMENT '风险检验取报告时间',
  `product_handle_person_id` varchar(64) DEFAULT NULL COMMENT '产品处理人id',
  `create_by` varchar(64) DEFAULT NULL COMMENT '创建者',
  `create_date` datetime DEFAULT NULL COMMENT '创建时间',
  `update_by` varchar(64) DEFAULT NULL COMMENT '更新者',
  `update_date` datetime DEFAULT NULL COMMENT '更新时间',
  `remarks` varchar(255) DEFAULT NULL COMMENT '备注信息',
  `del_flag` char(1) NOT NULL DEFAULT '0' COMMENT '删除标记',
  PRIMARY KEY (`id`)
) ENGINE=InnoDB DEFAULT CHARSET=utf8 COMMENT='综合产品';
/*!40101 SET character_set_client = @saved_cs_client */;

--
-- Dumping data for table `mms_comprehensive_product`
--

LOCK TABLES `mms_comprehensive_product` WRITE;
/*!40000 ALTER TABLE `mms_comprehensive_product` DISABLE KEYS */;
/*!40000 ALTER TABLE `mms_comprehensive_product` ENABLE KEYS */;
UNLOCK TABLES;

--
-- Table structure for table `mms_declare_product`
--

DROP TABLE IF EXISTS `mms_declare_product`;
/*!40101 SET @saved_cs_client     = @@character_set_client */;
/*!40101 SET character_set_client = utf8 */;
CREATE TABLE `mms_declare_product` (
  `id` varchar(64) NOT NULL COMMENT '编号',
  `total_submission` varchar(64) DEFAULT NULL COMMENT '送检总数',
  `administrative_license_inspection_time` datetime DEFAULT NULL COMMENT '行政许可送检时间',
  `administrative_license_inspection_organization` varchar(64) DEFAULT NULL COMMENT '行政许可检验机构',
  `administrative_license_inspection_project` varchar(64) DEFAULT NULL COMMENT '行政许可检验项目',
  `administrative_license_inspection_number` varchar(64) DEFAULT NULL COMMENT '行政许可送检数量',
  `send_body_time` datetime DEFAULT NULL COMMENT '人体检验送检时间',
  `send_body_organization` varchar(64) DEFAULT NULL COMMENT '人体检验送检机构',
  `send_body_project` varchar(64) DEFAULT NULL COMMENT '人体检验项目',
  `send_body_number` varchar(64) DEFAULT NULL COMMENT '人体检验数量',
  `send_risk_test_time` datetime DEFAULT NULL COMMENT '风险检验时间',
  `send_risk_test_organization` varchar(64) DEFAULT NULL COMMENT '风险检验机构',
  `send_risk_test_project` varchar(64) DEFAULT NULL COMMENT '风险检验项目',
  `send_risk_test_number` varchar(64) DEFAULT NULL COMMENT '风险检验数量',
  `report_time` datetime DEFAULT NULL COMMENT '上报时间／申报时间',
  `acceptance_time` datetime DEFAULT NULL COMMENT '受理时间',
  `acceptance_number` varchar(64) DEFAULT NULL COMMENT '受理编号',
  `document_time` datetime DEFAULT NULL COMMENT '取得批件时间',
  `document_number` varchar(64) DEFAULT NULL COMMENT '批件编号',
  `product_status_remark` char(1) DEFAULT NULL COMMENT '产品状态备注（1：通过审批，2：不予批准3：终止申报”）',
  `next_opinion_time` datetime DEFAULT NULL COMMENT '下意见时间',
  `opinion_content` varchar(255) DEFAULT NULL COMMENT '意见内容',
  `reply_opinion` datetime DEFAULT NULL COMMENT '回复意见时间',
  `other_description` varchar(64) DEFAULT NULL COMMENT '其他说明',
  `color_character` varchar(64) DEFAULT NULL COMMENT '颜色性状',
  `sample_marking` varchar(64) DEFAULT NULL COMMENT '样品标记（生产日期或批号）',
  `date_of_expiry` varchar(32) DEFAULT NULL COMMENT '保质期或限期使用日期（包装标注的保质期或限期使用日期）',
  `technology_date_of_expiry` varchar(32) DEFAULT NULL COMMENT '保质期（技术要求中显示的保质期）',
  `smell` varchar(32) DEFAULT NULL COMMENT '气味',
  `specifications` varchar(32) DEFAULT NULL COMMENT '规格',
  `product_handle_person_id` varchar(64) DEFAULT NULL COMMENT '产品处理人id',
  `create_by` varchar(64) DEFAULT NULL COMMENT '创建者',
  `create_date` datetime DEFAULT NULL COMMENT '创建时间',
  `update_by` varchar(64) DEFAULT NULL COMMENT '更新者',
  `update_date` datetime DEFAULT NULL COMMENT '更新时间',
  `remarks` varchar(255) DEFAULT NULL COMMENT '备注信息',
  `status_remarks` varchar(255) DEFAULT NULL COMMENT '状态备注(目前该字段没有作用)',
  `del_flag` char(1) NOT NULL DEFAULT '0' COMMENT '删除标记',
  PRIMARY KEY (`id`)
) ENGINE=InnoDB DEFAULT CHARSET=utf8 COMMENT='申报产品';
/*!40101 SET character_set_client = @saved_cs_client */;

--
-- Dumping data for table `mms_declare_product`
--

LOCK TABLES `mms_declare_product` WRITE;
/*!40000 ALTER TABLE `mms_declare_product` DISABLE KEYS */;
/*!40000 ALTER TABLE `mms_declare_product` ENABLE KEYS */;
UNLOCK TABLES;

--
-- Table structure for table `mms_forbidden_component`
--

DROP TABLE IF EXISTS `mms_forbidden_component`;
/*!40101 SET @saved_cs_client     = @@character_set_client */;
/*!40101 SET character_set_client = utf8 */;
CREATE TABLE `mms_forbidden_component` (
  `id` varchar(64) NOT NULL COMMENT '编号',
  `sequence` varchar(64) NOT NULL COMMENT '序号',
  `standard_chinese_name` varchar(100) NOT NULL COMMENT '标准中文名称',
  `inic_name` varchar(1000) DEFAULT NULL COMMENT '原植(动)物拉丁文学名或植(动)物英文名 ',
  `create_by` varchar(64) DEFAULT NULL COMMENT '创建者',
  `create_date` datetime DEFAULT NULL COMMENT '创建时间',
  `update_by` varchar(64) DEFAULT NULL COMMENT '更新者',
  `update_date` datetime DEFAULT NULL COMMENT '更新时间',
  `remarks` varchar(255) DEFAULT NULL COMMENT '备注信息',
  `del_flag` char(1) NOT NULL DEFAULT '0' COMMENT '删除标记',
  PRIMARY KEY (`id`)
) ENGINE=InnoDB DEFAULT CHARSET=utf8 COMMENT='化妆品安全技术规范的禁用成分';
/*!40101 SET character_set_client = @saved_cs_client */;

--
-- Dumping data for table `mms_forbidden_component`
--

LOCK TABLES `mms_forbidden_component` WRITE;
/*!40000 ALTER TABLE `mms_forbidden_component` DISABLE KEYS */;
/*!40000 ALTER TABLE `mms_forbidden_component` ENABLE KEYS */;
UNLOCK TABLES;

--
-- Table structure for table `mms_forbidden_words`
--

DROP TABLE IF EXISTS `mms_forbidden_words`;
/*!40101 SET @saved_cs_client     = @@character_set_client */;
/*!40101 SET character_set_client = utf8 */;
CREATE TABLE `mms_forbidden_words` (
  `id` varchar(64) NOT NULL COMMENT '编号',
  `sequence` varchar(64) NOT NULL COMMENT '序号',
  `forbidden_name` char(64) NOT NULL COMMENT '禁用名称',
  `forbidden_explain` text COMMENT '禁用说明',
  `create_by` varchar(64) DEFAULT NULL COMMENT '创建者',
  `create_date` datetime DEFAULT NULL COMMENT '创建时间',
  `update_by` varchar(64) DEFAULT NULL COMMENT '更新者',
  `update_date` datetime DEFAULT NULL COMMENT '更新时间',
  `remarks` varchar(255) DEFAULT NULL COMMENT '备注信息',
  `del_flag` char(1) NOT NULL DEFAULT '0' COMMENT '删除标记',
  PRIMARY KEY (`id`)
) ENGINE=InnoDB DEFAULT CHARSET=utf8 COMMENT='禁用语词汇';
/*!40101 SET character_set_client = @saved_cs_client */;

--
-- Dumping data for table `mms_forbidden_words`
--

LOCK TABLES `mms_forbidden_words` WRITE;
/*!40000 ALTER TABLE `mms_forbidden_words` DISABLE KEYS */;
INSERT INTO `mms_forbidden_words` VALUES ('1','1','高效','虚假夸大用语09年14号 ','1','2013-05-27 08:00:00','1','2013-05-27 08:00:00',NULL,'0'),('10','10','傲世间胸部玉凝','虚假夸大用语 ','1','2013-05-27 08:00:00','1','2013-05-27 08:00:00',NULL,'0'),('100','100','杰出抗氧化','虚假夸大用语 ','1','2013-05-27 08:00:00','1','2013-05-27 08:00:00',NULL,'0'),('101','101','解码','命名指南 P47 ','1','2013-05-27 08:00:00','1','2013-05-27 08:00:00',NULL,'0'),('102','102','金灿顶级','虚假夸大用语 ','1','2013-05-27 08:00:00','1','2013-05-27 08:00:00',NULL,'0'),('103','103','金装','虚假夸大用语 ','1','2013-05-27 08:00:00','1','2013-05-27 08:00:00',NULL,'0'),('104','104','经痛','医疗术语 ','1','2013-05-27 08:00:00','1','2013-05-27 08:00:00',NULL,'0'),('105','105','净化整肤','2009年64号 ','1','2013-05-27 08:00:00','1','2013-05-27 08:00:00',NULL,'0'),('106','106','净敏','复核产品不批。专家讨论后 ','1','2013-05-27 08:00:00','1','2013-05-27 08:00:00',NULL,'0'),('107','107','净脂','虚假夸大用语 ','1','2013-05-27 08:00:00','1','2013-05-27 08:00:00',NULL,'0'),('108','108','酒糟鼻','明示或暗示对疾病的治疗作用和效果 ','1','2013-05-27 08:00:00','1','2013-05-27 08:00:00',NULL,'0'),('109','109','抗癌','明示或暗示对疾病的治疗作用和效果 ','1','2013-05-27 08:00:00','1','2013-05-27 08:00:00',NULL,'0'),('11','11','八小时','伊丽莎白 不批过 ','1','2013-05-27 08:00:00','1','2013-05-27 08:00:00',NULL,'0'),('110','110','抗防老化','虚假夸大用语 ','1','2013-05-27 08:00:00','1','2013-05-27 08:00:00',NULL,'0'),('111','111','抗菌','明示或暗示对疾病的治疗作用和效果 ','1','2013-05-27 08:00:00','1','2013-05-27 08:00:00',NULL,'0'),('112','112','抗老','虚假夸大用语 ','1','2013-05-27 08:00:00','1','2013-05-27 08:00:00',NULL,'0'),('113','113','抗敏','虚假夸大用语 ','1','2013-05-27 08:00:00','1','2013-05-27 08:00:00',NULL,'0'),('114','114','抗生素','医疗术语 ','1','2013-05-27 08:00:00','1','2013-05-27 08:00:00',NULL,'0'),('115','115','抗衰','虚假夸大用语 ','1','2013-05-27 08:00:00','1','2013-05-27 08:00:00',NULL,'0'),('116','116','抗衰老','虚假夸大用语 ','1','2013-05-27 08:00:00','1','2013-05-27 08:00:00',NULL,'0'),('117','117','抗炎','明示或暗示对疾病的治疗作用和效果 ','1','2013-05-27 08:00:00','1','2013-05-27 08:00:00',NULL,'0'),('118','118','抗氧','虚假夸大用语 ','1','2013-05-27 08:00:00','1','2013-05-27 08:00:00',NULL,'0'),('119','119','抗氧化','虚假夸大用语 ','1','2013-05-27 08:00:00','1','2013-05-27 08:00:00',NULL,'0'),('12','12','疤痕','医疗术语 ','1','2013-05-27 08:00:00','1','2013-05-27 08:00:00',NULL,'0'),('120','120','抗氧修护','虚假夸大用语 ','1','2013-05-27 08:00:00','1','2013-05-27 08:00:00',NULL,'0'),('121','121','抗引力','2009年66号 ','1','2013-05-27 08:00:00','1','2013-05-27 08:00:00',NULL,'0'),('122','122','科技平衡','不易理解 ','1','2013-05-27 08:00:00','1','2013-05-27 08:00:00',NULL,'0'),('123','123','狂爱','虚假夸大用语 ','1','2013-05-27 08:00:00','1','2013-05-27 08:00:00',NULL,'0'),('124','124','冷效应','09年48号 ','1','2013-05-27 08:00:00','1','2013-05-27 08:00:00',NULL,'0'),('125','125','理气','明示或暗示对疾病的治疗作用和效果 ','1','2013-05-27 08:00:00','1','2013-05-27 08:00:00',NULL,'0'),('126','126','利尿','明示或暗示对疾病的治疗作用和效果 ','1','2013-05-27 08:00:00','1','2013-05-27 08:00:00',NULL,'0'),('127','127','例临床观察具有明显','医疗术语 ','1','2013-05-27 08:00:00','1','2013-05-27 08:00:00',NULL,'0'),('128','128','淋巴毒','医疗术语 ','1','2013-05-27 08:00:00','1','2013-05-27 08:00:00',NULL,'0'),('129','129','淋巴液','医疗术语 ','1','2013-05-27 08:00:00','1','2013-05-27 08:00:00',NULL,'0'),('13','13','斑立净','明示或暗示对疾病的治疗作用和效果 ','1','2013-05-27 08:00:00','1','2013-05-27 08:00:00',NULL,'0'),('130','130','零负担','2009 67号 ','1','2013-05-27 08:00:00','1','2013-05-27 08:00:00',NULL,'0'),('131','131','鎏金凝时','2009年64号 ','1','2013-05-27 08:00:00','1','2013-05-27 08:00:00',NULL,'0'),('132','133','毛发再生','明示或暗示对疾病的治疗作用和效果 ','1','2013-05-27 08:00:00','1','2013-05-27 08:00:00',NULL,'0'),('133','134','毛囊激活','医疗术语 ','1','2013-05-27 08:00:00','1','2013-05-27 08:00:00',NULL,'0'),('134','135','毛囊炎','医疗术语 ','1','2013-05-27 08:00:00','1','2013-05-27 08:00:00',NULL,'0'),('135','136','毛细血管','医疗术语 ','1','2013-05-27 08:00:00','1','2013-05-27 08:00:00',NULL,'0'),('136','137','美容治疗','明示或暗示对疾病的治疗作用和效果 ','1','2013-05-27 08:00:00','1','2013-05-27 08:00:00',NULL,'0'),('137','138','美胸','虚假夸大用语 ','1','2013-05-27 08:00:00','1','2013-05-27 08:00:00',NULL,'0'),('138','139','密码','2009年63号 ','1','2013-05-27 08:00:00','1','2013-05-27 08:00:00',NULL,'0'),('139','140','眠等','虚假夸大用语 ','1','2013-05-27 08:00:00','1','2013-05-27 08:00:00',NULL,'0'),('14','14','斑秃','医疗术语 ','1','2013-05-27 08:00:00','1','2013-05-27 08:00:00',NULL,'0'),('140','141','免疫力','医疗术语 ','1','2013-05-27 08:00:00','1','2013-05-27 08:00:00',NULL,'0'),('141','142','灭菌','明示或暗示对疾病的治疗作用和效果 ','1','2013-05-27 08:00:00','1','2013-05-27 08:00:00',NULL,'0'),('142','143','敏感','虚假夸大用语 ','1','2013-05-27 08:00:00','1','2013-05-27 08:00:00',NULL,'0'),('143','144','魔棒','虚假夸大用语 ','1','2013-05-27 08:00:00','1','2013-05-27 08:00:00',NULL,'0'),('144','145','魔法',NULL,'1','2013-05-27 08:00:00','1','2013-05-27 08:00:00',NULL,'0'),('145','146','魔法女巫','虚假夸大用语 ','1','2013-05-27 08:00:00','1','2013-05-27 08:00:00',NULL,'0'),('146','147','魔幻','虚假夸大用语 ','1','2013-05-27 08:00:00','1','2013-05-27 08:00:00',NULL,'0'),('147','148','纳米',NULL,'1','2013-05-27 08:00:00','1','2013-05-27 08:00:00',NULL,'0'),('148','149','难以掌控','2009 69号 ','1','2013-05-27 08:00:00','1','2013-05-27 08:00:00',NULL,'0'),('149','150','能量',NULL,'1','2013-05-27 08:00:00','1','2013-05-27 08:00:00',NULL,'0'),('15','15','爆水','虚假夸大用语 ','1','2013-05-27 08:00:00','1','2013-05-27 08:00:00',NULL,'0'),('150','151','逆时','虚假夸大用语 ','1','2013-05-27 08:00:00','1','2013-05-27 08:00:00',NULL,'0'),('151','152','念珠菌','医疗术语 ','1','2013-05-27 08:00:00','1','2013-05-27 08:00:00',NULL,'0'),('152','153','牛皮癣','医疗术语 ','1','2013-05-27 08:00:00','1','2013-05-27 08:00:00',NULL,'0'),('153','154','脓疱','医疗术语 ','1','2013-05-27 08:00:00','1','2013-05-27 08:00:00',NULL,'0'),('154','155','排毒','虚假夸大用语 ','1','2013-05-27 08:00:00','1','2013-05-27 08:00:00',NULL,'0'),('155','156','皮肤病','医疗术语 ','1','2013-05-27 08:00:00','1','2013-05-27 08:00:00',NULL,'0'),('156','157','皮肤感染','医疗术语 ','1','2013-05-27 08:00:00','1','2013-05-27 08:00:00',NULL,'0'),('157','158','皮肤提升','虚假夸大用语 ','1','2013-05-27 08:00:00','1','2013-05-27 08:00:00',NULL,'0'),('158','159','皮炎','医疗术语 ','1','2013-05-27 08:00:00','1','2013-05-27 08:00:00',NULL,'0'),('159','160','平衡荷尔蒙','明示或暗示对疾病的治疗作用和效果 ','1','2013-05-27 08:00:00','1','2013-05-27 08:00:00',NULL,'0'),('16','16','便秘','医疗术语 ','1','2013-05-27 08:00:00','1','2013-05-27 08:00:00',NULL,'0'),('160','161','苹果光','虚假夸大用语 ','1','2013-05-27 08:00:00','1','2013-05-27 08:00:00',NULL,'0'),('161','162','奇效”、强效','虚假夸大用语 ','1','2013-05-27 08:00:00','1','2013-05-27 08:00:00',NULL,'0'),('162','163','强力','虚假夸大用语 ','1','2013-05-27 08:00:00','1','2013-05-27 08:00:00',NULL,'0'),('163','164','强壮','虚假夸大用语 ','1','2013-05-27 08:00:00','1','2013-05-27 08:00:00',NULL,'0'),('164','165','清脂','夸大 ','1','2013-05-27 08:00:00','1','2013-05-27 08:00:00',NULL,'0'),('165','166','丘疹','医疗术语 ','1','2013-05-27 08:00:00','1','2013-05-27 08:00:00',NULL,'0'),('166','167','驱寒解毒','明示或暗示对疾病的治疗作用和效果 ','1','2013-05-27 08:00:00','1','2013-05-27 08:00:00',NULL,'0'),('167','168','祛疤','明示或暗示对疾病的治疗作用和效果 ','1','2013-05-27 08:00:00','1','2013-05-27 08:00:00',NULL,'0'),('168','169','祛除雀斑','明示或暗示对疾病的治疗作用和效果 ','1','2013-05-27 08:00:00','1','2013-05-27 08:00:00',NULL,'0'),('169','170','祛风','明示或暗示对疾病的治疗作用和效果 ','1','2013-05-27 08:00:00','1','2013-05-27 08:00:00',NULL,'0'),('17','17','病变性脱发','医疗术语 ','1','2013-05-27 08:00:00','1','2013-05-27 08:00:00',NULL,'0'),('170','171','祛红',NULL,'1','2013-05-27 08:00:00','1','2013-05-27 08:00:00',NULL,'0'),('171','172','祛纹','57号 ','1','2013-05-27 08:00:00','1','2013-05-27 08:00:00',NULL,'0'),('172','173','祛皱',NULL,'1','2013-05-27 08:00:00','1','2013-05-27 08:00:00',NULL,'0'),('173','174','去（祛）除皱纹','虚假夸大用语 ','1','2013-05-27 08:00:00','1','2013-05-27 08:00:00',NULL,'0'),('174','175','去痘','虚假夸大用语 ','1','2013-05-27 08:00:00','1','2013-05-27 08:00:00',NULL,'0'),('175','176','去红血丝。专业','虚假夸大用语 ','1','2013-05-27 08:00:00','1','2013-05-27 08:00:00',NULL,'0'),('176','177','去纹','2012.11.20 10084已提。张 ','1','2013-05-27 08:00:00','1','2013-05-27 08:00:00',NULL,'0'),('177','178','全方位','虚假夸大用语 ','1','2013-05-27 08:00:00','1','2013-05-27 08:00:00',NULL,'0'),('178','179','全面','虚假夸大用语 ','1','2013-05-27 08:00:00','1','2013-05-27 08:00:00',NULL,'0'),('179','180','全天候','虚假夸大用语 ','1','2013-05-27 08:00:00','1','2013-05-27 08:00:00',NULL,'0'),('18','18','补肾','明示或暗示对疾病的治疗作用和效果 ','1','2013-05-27 08:00:00','1','2013-05-27 08:00:00',NULL,'0'),('180','181','全秃','医疗术语 ','1','2013-05-27 08:00:00','1','2013-05-27 08:00:00',NULL,'0'),('181','182','全效','虚假夸大用语 ','1','2013-05-27 08:00:00','1','2013-05-27 08:00:00',NULL,'0'),('182','183','燃烧脂肪','虚假夸大用语 ','1','2013-05-27 08:00:00','1','2013-05-27 08:00:00',NULL,'0'),('183','184','热能','虚假夸大用语09年117号 ','1','2013-05-27 08:00:00','1','2013-05-27 08:00:00',NULL,'0'),('184','185','热能','2009 33号 ','1','2013-05-27 08:00:00','1','2013-05-27 08:00:00',NULL,'0'),('185','186','妊娠斑','明示或暗示对疾病的治疗作用和效果 ','1','2013-05-27 08:00:00','1','2013-05-27 08:00:00',NULL,'0'),('186','187','妊娠纹','虚假夸大用语 ','1','2013-05-27 08:00:00','1','2013-05-27 08:00:00',NULL,'0'),('187','188','日间唤醒','夸大用语2009年74号 ','1','2013-05-27 08:00:00','1','2013-05-27 08:00:00',NULL,'0'),('188','189','溶脂、深层','虚假夸大用语 ','1','2013-05-27 08:00:00','1','2013-05-27 08:00:00',NULL,'0'),('189','190','柔敏','明示或暗示对疾病的治疗作用和效果 ','1','2013-05-27 08:00:00','1','2013-05-27 08:00:00',NULL,'0'),('19','19','补血','明示或暗示对疾病的治疗作用和效果 ','1','2013-05-27 08:00:00','1','2013-05-27 08:00:00',NULL,'0'),('190','191','润燥','明示或暗示对疾病的治疗作用和效果 ','1','2013-05-27 08:00:00','1','2013-05-27 08:00:00',NULL,'0'),('191','192','杀菌','明示或暗示对疾病的治疗作用和效果 ','1','2013-05-27 08:00:00','1','2013-05-27 08:00:00',NULL,'0'),('192','193','伤风感冒','医疗术语 ','1','2013-05-27 08:00:00','1','2013-05-27 08:00:00',NULL,'0'),('193','194','烧伤','医疗术语 ','1','2013-05-27 08:00:00','1','2013-05-27 08:00:00',NULL,'0'),('194','195','深层',NULL,'1','2013-05-27 08:00:00','1','2013-05-27 08:00:00',NULL,'0'),('195','196','深度','虚假夸大用语 ','1','2013-05-27 08:00:00','1','2013-05-27 08:00:00',NULL,'0'),('196','197','深润','JHZBZ1100164已不批准 ','1','2013-05-27 08:00:00','1','2013-05-27 08:00:00',NULL,'0'),('197','198','神秘水','虚假夸大用语 ','1','2013-05-27 08:00:00','1','2013-05-27 08:00:00',NULL,'0'),('198','199','神效','虚假夸大用语 ','1','2013-05-27 08:00:00','1','2013-05-27 08:00:00',NULL,'0'),('199','200','生发','明示或暗示对疾病的治疗作用和效果 ','1','2013-05-27 08:00:00','1','2013-05-27 08:00:00',NULL,'0'),('2','2','极致','虚假夸大用语 ','1','2013-05-27 08:00:00','1','2013-05-27 08:00:00',NULL,'0'),('20','20','不褪色','虚假夸大用语 ','1','2013-05-27 08:00:00','1','2013-05-27 08:00:00',NULL,'0'),('200','201','生黑发','明示或暗示对疾病的治疗作用和效果 ','1','2013-05-27 08:00:00','1','2013-05-27 08:00:00',NULL,'0'),('201','202','生肌肉','明示或暗示对疾病的治疗作用和效果 ','1','2013-05-27 08:00:00','1','2013-05-27 08:00:00',NULL,'0'),('202','203','生态','2009 21号 请提供生态依据 ','1','2013-05-27 08:00:00','1','2013-05-27 08:00:00',NULL,'0'),('203','204','生态还原','虚假夸大用语 ','1','2013-05-27 08:00:00','1','2013-05-27 08:00:00',NULL,'0'),('204','205','失眠','医疗术语 ','1','2013-05-27 08:00:00','1','2013-05-27 08:00:00',NULL,'0'),('205','206','时光重塑','2009年63号 ','1','2013-05-27 08:00:00','1','2013-05-27 08:00:00',NULL,'0'),('206','207','手癣','医疗术语 ','1','2013-05-27 08:00:00','1','2013-05-27 08:00:00',NULL,'0'),('207','208','瘦','12年7.19加入 ','1','2013-05-27 08:00:00','1','2013-05-27 08:00:00',NULL,'0'),('208','209','瘦脸','虚假夸大用语 ','1','2013-05-27 08:00:00','1','2013-05-27 08:00:00',NULL,'0'),('209','210','瘦身','虚假夸大用语 ','1','2013-05-27 08:00:00','1','2013-05-27 08:00:00',NULL,'0'),('21','21','长效','虚假夸大用语 ','1','2013-05-27 08:00:00','1','2013-05-27 08:00:00',NULL,'0'),('210','211','瘦腿','虚假夸大用语 ','1','2013-05-27 08:00:00','1','2013-05-27 08:00:00',NULL,'0'),('211','212','舒敏','明示或暗示对疾病的治疗作用和效果 ','1','2013-05-27 08:00:00','1','2013-05-27 08:00:00',NULL,'0'),('212','213','数码','命名指南 P47 ','1','2013-05-27 08:00:00','1','2013-05-27 08:00:00',NULL,'0'),('213','214','双C','2009年68号 ','1','2013-05-27 08:00:00','1','2013-05-27 08:00:00',NULL,'0'),('215','216','瞬间','2009年65号 ','1','2013-05-27 08:00:00','1','2013-05-27 08:00:00',NULL,'0'),('216','217','瞬间焕采','虚假夸大用语 ','1','2013-05-27 08:00:00','1','2013-05-27 08:00:00',NULL,'0'),('217','218','瞬间醒容','虚假夸大用语 ','1','2013-05-27 08:00:00','1','2013-05-27 08:00:00',NULL,'0'),('218','219','瞬透','JHZBZ1100164已不批准 ','1','2013-05-27 08:00:00','1','2013-05-27 08:00:00',NULL,'0'),('219','220','速白','虚假夸大用语 ','1','2013-05-27 08:00:00','1','2013-05-27 08:00:00',NULL,'0'),('22','22','超凡','2010 143号退审 ','1','2013-05-27 08:00:00','1','2013-05-27 08:00:00',NULL,'0'),('220','221','速长','虚假夸大用语 ','1','2013-05-27 08:00:00','1','2013-05-27 08:00:00',NULL,'0'),('221','222','速效','虚假夸大用语 ','1','2013-05-27 08:00:00','1','2013-05-27 08:00:00',NULL,'0'),('223','224','岁月无痕。完美','虚假夸大用语 ','1','2013-05-27 08:00:00','1','2013-05-27 08:00:00',NULL,'0'),('224','225','所谓“第二肌肤”','虚假夸大用语 ','1','2013-05-27 08:00:00','1','2013-05-27 08:00:00',NULL,'0'),('225','226','胎盘','虚假夸大用语 ','1','2013-05-27 08:00:00','1','2013-05-27 08:00:00',NULL,'0'),('226','227','烫伤','医疗术语 ','1','2013-05-27 08:00:00','1','2013-05-27 08:00:00',NULL,'0'),('227','228','特效','虚假夸大用语 ','1','2013-05-27 08:00:00','1','2013-05-27 08:00:00',NULL,'0'),('228','229','体癣','医疗术语 ','1','2013-05-27 08:00:00','1','2013-05-27 08:00:00',NULL,'0'),('229','230','天见效','虚假夸大用语 ','1','2013-05-27 08:00:00','1','2013-05-27 08:00:00',NULL,'0'),('23','23','超强','虚假夸大用语 ','1','2013-05-27 08:00:00','1','2013-05-27 08:00:00',NULL,'0'),('230','231','天然','虚假夸大用语 ','1','2013-05-27 08:00:00','1','2013-05-27 08:00:00',NULL,'0'),('231','232','天钻冠级','虚假夸大用语 ','1','2013-05-27 08:00:00','1','2013-05-27 08:00:00',NULL,'0'),('232','233','通脉','明示或暗示对疾病的治疗作用和效果 ','1','2013-05-27 08:00:00','1','2013-05-27 08:00:00',NULL,'0'),('233','234','头痛','医疗术语 ','1','2013-05-27 08:00:00','1','2013-05-27 08:00:00',NULL,'0'),('234','235','头癣','医疗术语 ','1','2013-05-27 08:00:00','1','2013-05-27 08:00:00',NULL,'0'),('235','236','透活','虚假夸大用语 ','1','2013-05-27 08:00:00','1','2013-05-27 08:00:00',NULL,'0'),('236','237','褪敏','明示或暗示对疾病的治疗作用和效果 ','1','2013-05-27 08:00:00','1','2013-05-27 08:00:00',NULL,'0'),('237','238','褪色','虚假夸大用语 ','1','2013-05-27 08:00:00','1','2013-05-27 08:00:00',NULL,'0'),('238','239','脱敏','明示或暗示对疾病的治疗作用和效果 ','1','2013-05-27 08:00:00','1','2013-05-27 08:00:00',NULL,'0'),('239','240','完美','虚假夸大用语 ','1','2013-05-27 08:00:00','1','2013-05-27 08:00:00',NULL,'0'),('24','24','超时空','2009年64号 ','1','2013-05-27 08:00:00','1','2013-05-27 08:00:00',NULL,'0'),('240','241','微导','后加，有产品因微导不批 ','1','2013-05-27 08:00:00','1','2013-05-27 08:00:00',NULL,'0'),('241','242','微晶c。仙','虚假夸大用语 ','1','2013-05-27 08:00:00','1','2013-05-27 08:00:00',NULL,'0'),('242','243','为爱疯狂','2009 33号 ','1','2013-05-27 08:00:00','1','2013-05-27 08:00:00',NULL,'0'),('243','244','维他活力','虚假夸大用语 ','1','2013-05-27 08:00:00','1','2013-05-27 08:00:00',NULL,'0'),('244','245','胃胀蠕动','明示或暗示对疾病的治疗作用和效果 ','1','2013-05-27 08:00:00','1','2013-05-27 08:00:00',NULL,'0'),('245','246','我爱女士','虚假夸大用语 ','1','2013-05-27 08:00:00','1','2013-05-27 08:00:00',NULL,'0'),('246','247','无斑','明示或暗示对疾病的治疗作用和效果 ','1','2013-05-27 08:00:00','1','2013-05-27 08:00:00',NULL,'0'),('247','248','无毒','虚假夸大用语 ','1','2013-05-27 08:00:00','1','2013-05-27 08:00:00',NULL,'0'),('248','249','无添加','司局退回 ','1','2013-05-27 08:00:00','1','2013-05-27 08:00:00',NULL,'0'),('249','250','无限','虚假夸大用语 ','1','2013-05-27 08:00:00','1','2013-05-27 08:00:00',NULL,'0'),('25','25','持效','2009年68号 ','1','2013-05-27 08:00:00','1','2013-05-27 08:00:00',NULL,'0'),('250','251','吸附铅汞','明示或暗示对疾病的治疗作用和效果 ','1','2013-05-27 08:00:00','1','2013-05-27 08:00:00',NULL,'0'),('251','252','吸脂、细胞再生','虚假夸大用语 ','1','2013-05-27 08:00:00','1','2013-05-27 08:00:00',NULL,'0'),('252','253','稀世','虚假夸大用语 ','1','2013-05-27 08:00:00','1','2013-05-27 08:00:00',NULL,'0'),('253','254','喜辽疤','2009 67号 ','1','2013-05-27 08:00:00','1','2013-05-27 08:00:00',NULL,'0'),('254','255','细胞','09年117号 ','1','2013-05-27 08:00:00','1','2013-05-27 08:00:00',NULL,'0'),('255','256','细胞','2009 33号 ','1','2013-05-27 08:00:00','1','2013-05-27 08:00:00',NULL,'0'),('256','257','细胞','2009年33号 ','1','2013-05-27 08:00:00','1','2013-05-27 08:00:00',NULL,'0'),('257','258','细胞更生','虚假夸大用语 ','1','2013-05-27 08:00:00','1','2013-05-27 08:00:00',NULL,'0'),('258','259','细胞换肤','虚假夸大用语 ','1','2013-05-27 08:00:00','1','2013-05-27 08:00:00',NULL,'0'),('259','260','细胞修复','虚假夸大用语 ','1','2013-05-27 08:00:00','1','2013-05-27 08:00:00',NULL,'0'),('26','26','除痘','虚假夸大用语 ','1','2013-05-27 08:00:00','1','2013-05-27 08:00:00',NULL,'0'),('260','261','细胞再生','医疗术语 ','1','2013-05-27 08:00:00','1','2013-05-27 08:00:00',NULL,'0'),('261','262','细菌','医疗术语 ','1','2013-05-27 08:00:00','1','2013-05-27 08:00:00',NULL,'0'),('262','263','显效','虚假夸大用语 ','1','2013-05-27 08:00:00','1','2013-05-27 08:00:00',NULL,'0'),('263','264','消除斑点','明示或暗示对疾病的治疗作用和效果 ','1','2013-05-27 08:00:00','1','2013-05-27 08:00:00',NULL,'0'),('264','265','消毒','明示或暗示对疾病的治疗作用和效果 ','1','2013-05-27 08:00:00','1','2013-05-27 08:00:00',NULL,'0'),('265','266','消化不良','医疗术语 ','1','2013-05-27 08:00:00','1','2013-05-27 08:00:00',NULL,'0'),('266','267','消炎','明示或暗示对疾病的治疗作用和效果 ','1','2013-05-27 08:00:00','1','2013-05-27 08:00:00',NULL,'0'),('267','268','哮喘','医疗术语 ','1','2013-05-27 08:00:00','1','2013-05-27 08:00:00',NULL,'0'),('268','269','效果','医疗术语 ','1','2013-05-27 08:00:00','1','2013-05-27 08:00:00',NULL,'0'),('269','270','协调再生','2009 67号 ','1','2013-05-27 08:00:00','1','2013-05-27 08:00:00',NULL,'0'),('27','27','除菌','明示或暗示对疾病的治疗作用和效果 ','1','2013-05-27 08:00:00','1','2013-05-27 08:00:00',NULL,'0'),('270','271','行气','明示或暗示对疾病的治疗作用和效果 ','1','2013-05-27 08:00:00','1','2013-05-27 08:00:00',NULL,'0'),('271','272','醒肤','虚假夸大用语 ','1','2013-05-27 08:00:00','1','2013-05-27 08:00:00',NULL,'0'),('272','273','雄性激素','医疗术语 ','1','2013-05-27 08:00:00','1','2013-05-27 08:00:00',NULL,'0'),('273','274','牙孢菌','医疗术语 ','1','2013-05-27 08:00:00','1','2013-05-27 08:00:00',NULL,'0'),('274','275','厌氧菌','医疗术语 ','1','2013-05-27 08:00:00','1','2013-05-27 08:00:00',NULL,'0'),('275','276','养脑','明示或暗示对疾病的治疗作用和效果 ','1','2013-05-27 08:00:00','1','2013-05-27 08:00:00',NULL,'0'),('276','277','氧份修复','虚假夸大用语 ','1','2013-05-27 08:00:00','1','2013-05-27 08:00:00',NULL,'0'),('277','278','氧化','虚假夸大用语09年117号 ','1','2013-05-27 08:00:00','1','2013-05-27 08:00:00',NULL,'0'),('278','279','氧气','虚假夸大用语 ','1','2013-05-27 08:00:00','1','2013-05-27 08:00:00',NULL,'0'),('279','280','药草','虚假夸大用语 ','1','2013-05-27 08:00:00','1','2013-05-27 08:00:00',NULL,'0'),('28','28','除湿','明示或暗示对疾病的治疗作用和效果 ','1','2013-05-27 08:00:00','1','2013-05-27 08:00:00',NULL,'0'),('280','281','药方','医疗术语 ','1','2013-05-27 08:00:00','1','2013-05-27 08:00:00',NULL,'0'),('281','282','药物','医疗术语 ','1','2013-05-27 08:00:00','1','2013-05-27 08:00:00',NULL,'0'),('282','283','药物配方','医疗术语 ','1','2013-05-27 08:00:00','1','2013-05-27 08:00:00',NULL,'0'),('283','284','药物制剂','医疗术语 ','1','2013-05-27 08:00:00','1','2013-05-27 08:00:00',NULL,'0'),('284','285','药妆',NULL,'1','2013-05-27 08:00:00','1','2013-05-27 08:00:00',NULL,'0'),('285','286','一二零','2010 143号退审 ','1','2013-05-27 08:00:00','1','2013-05-27 08:00:00',NULL,'0'),('286','287','一二三四五六七八九零','大写数字 ','1','2013-05-27 08:00:00','1','2013-05-27 08:00:00',NULL,'0'),('287','288','一洗白','虚假夸大用语 ','1','2013-05-27 08:00:00','1','2013-05-27 08:00:00',NULL,'0'),('288','289','一洗黑','虚假夸大用语 ','1','2013-05-27 08:00:00','1','2013-05-27 08:00:00',NULL,'0'),('289','290','医','医疗术语 ','1','2013-05-27 08:00:00','1','2013-05-27 08:00:00',NULL,'0'),('29','29','除纹','虚假夸大用语 ','1','2013-05-27 08:00:00','1','2013-05-27 08:00:00',NULL,'0'),('290','291','医疗','医疗术语 ','1','2013-05-27 08:00:00','1','2013-05-27 08:00:00',NULL,'0'),('291','292','医生','医疗术语 ','1','2013-05-27 08:00:00','1','2013-05-27 08:00:00',NULL,'0'),('292','293','医治','医疗术语 ','1','2013-05-27 08:00:00','1','2013-05-27 08:00:00',NULL,'0'),('293','294','抑菌','明示或暗示对疾病的治疗作用和效果 ','1','2013-05-27 08:00:00','1','2013-05-27 08:00:00',NULL,'0'),('294','295','益气','明示或暗示对疾病的治疗作用和效果 ','1','2013-05-27 08:00:00','1','2013-05-27 08:00:00',NULL,'0'),('295','296','因为你沸腾','2009年33号 ','1','2013-05-27 08:00:00','1','2013-05-27 08:00:00',NULL,'0'),('296','297','英伦迷情',NULL,'1','2013-05-27 08:00:00','1','2013-05-27 08:00:00',NULL,'0'),('297','298','永葆青春','虚假夸大用语 ','1','2013-05-27 08:00:00','1','2013-05-27 08:00:00',NULL,'0'),('298','299','有机','虚假夸大用语 ','1','2013-05-27 08:00:00','1','2013-05-27 08:00:00',NULL,'0'),('299','300','预防','虚假夸大用语 ','1','2013-05-27 08:00:00','1','2013-05-27 08:00:00',NULL,'0'),('3','3','4合一','2010年190号 ','1','2013-05-27 08:00:00','1','2013-05-27 08:00:00',NULL,'0'),('30','30','处方','医疗术语 ','1','2013-05-27 08:00:00','1','2013-05-27 08:00:00',NULL,'0'),('300','301','御尊至能','虚假夸大用语 ','1','2013-05-27 08:00:00','1','2013-05-27 08:00:00',NULL,'0'),('301','302','原氧','2009年67号 ','1','2013-05-27 08:00:00','1','2013-05-27 08:00:00',NULL,'0'),('302','303','增氧','2009 33号 ','1','2013-05-27 08:00:00','1','2013-05-27 08:00:00',NULL,'0'),('303','304','真菌','医疗术语 ','1','2013-05-27 08:00:00','1','2013-05-27 08:00:00',NULL,'0'),('304','305','诊断','医疗术语 ','1','2013-05-27 08:00:00','1','2013-05-27 08:00:00',NULL,'0'),('305','306','镇定','明示或暗示对疾病的治疗作用和效果 ','1','2013-05-27 08:00:00','1','2013-05-27 08:00:00',NULL,'0'),('306','307','镇静','明示或暗示对疾病的治疗作用和效果 ','1','2013-05-27 08:00:00','1','2013-05-27 08:00:00',NULL,'0'),('307','308','支气管炎','医疗术语 ','1','2013-05-27 08:00:00','1','2013-05-27 08:00:00',NULL,'0'),('308','309','脂溢性脱发','医疗术语 ','1','2013-05-27 08:00:00','1','2013-05-27 08:00:00',NULL,'0'),('309','310','止脱','虚假夸大用语 ','1','2013-05-27 08:00:00','1','2013-05-27 08:00:00',NULL,'0'),('31','31','传染性湿疹','医疗术语 ','1','2013-05-27 08:00:00','1','2013-05-27 08:00:00',NULL,'0'),('310','311','至尊','2009年65号 ','1','2013-05-27 08:00:00','1','2013-05-27 08:00:00',NULL,'0'),('311','312','智能','命名指南 P47 ','1','2013-05-27 08:00:00','1','2013-05-27 08:00:00',NULL,'0'),('312','313','中草药','医疗术语 ','1','2013-05-27 08:00:00','1','2013-05-27 08:00:00',NULL,'0'),('313','314','中枢神经','医疗术语 ','1','2013-05-27 08:00:00','1','2013-05-27 08:00:00',NULL,'0'),('314','315','中药','医疗术语 ','1','2013-05-27 08:00:00','1','2013-05-27 08:00:00',NULL,'0'),('315','316','中医世家','医疗术语 ','1','2013-05-27 08:00:00','1','2013-05-27 08:00:00',NULL,'0'),('316','317','周期见效','虚假夸大用语 ','1','2013-05-27 08:00:00','1','2013-05-27 08:00:00',NULL,'0'),('317','318','注氧',NULL,'1','2013-05-27 08:00:00','1','2013-05-27 08:00:00',NULL,'0'),('318','319','驻活','虚假夸大用语 ','1','2013-05-27 08:00:00','1','2013-05-27 08:00:00',NULL,'0'),('319','320','驻颜','虚假夸大用语09年117号 ','1','2013-05-27 08:00:00','1','2013-05-27 08:00:00',NULL,'0'),('32','32','疮痈','医疗术语 ','1','2013-05-27 08:00:00','1','2013-05-27 08:00:00',NULL,'0'),('320','321','专家','虚假夸大用语 ','1','2013-05-27 08:00:00','1','2013-05-27 08:00:00',NULL,'0'),('321','322','专业',NULL,'1','2013-05-27 08:00:00','1','2013-05-27 08:00:00',NULL,'0'),('322','323','祖传秘方','医疗术语 ','1','2013-05-27 08:00:00','1','2013-05-27 08:00:00',NULL,'0'),('33','33','雌性激素','医疗术语 ','1','2013-05-27 08:00:00','1','2013-05-27 08:00:00',NULL,'0'),('34','34','催眠','2009 69号 ','1','2013-05-27 08:00:00','1','2013-05-27 08:00:00',NULL,'0'),('35','35','痤疮','医疗术语 ','1','2013-05-27 08:00:00','1','2013-05-27 08:00:00',NULL,'0'),('36','36','大夫','医疗术语 ','1','2013-05-27 08:00:00','1','2013-05-27 08:00:00',NULL,'0'),('37','37','大卫贝克汉姆','虚假夸大用语 ','1','2013-05-27 08:00:00','1','2013-05-27 08:00:00',NULL,'0'),('38','38','刀伤','医疗术语 ','1','2013-05-27 08:00:00','1','2013-05-27 08:00:00',NULL,'0'),('39','39','第X代”等','虚假夸大用语 ','1','2013-05-27 08:00:00','1','2013-05-27 08:00:00',NULL,'0'),('4','4','c60','虚假夸大用语   ，如在中文标签解释即可。','1','2013-05-27 08:00:00','1','2013-05-27 08:00:00',NULL,'0'),('40','40','调节内分泌','明示或暗示对疾病的治疗作用和效果 ','1','2013-05-27 08:00:00','1','2013-05-27 08:00:00',NULL,'0'),('41','41','顶级','虚假夸大用语 ','1','2013-05-27 08:00:00','1','2013-05-27 08:00:00',NULL,'0'),('42','42','冻疮','医疗术语 ','1','2013-05-27 08:00:00','1','2013-05-27 08:00:00',NULL,'0'),('43','43','冻伤','医疗术语 ','1','2013-05-27 08:00:00','1','2013-05-27 08:00:00',NULL,'0'),('44','44','痘痘清','虚假夸大用语 ','1','2013-05-27 08:00:00','1','2013-05-27 08:00:00',NULL,'0'),('45','45','妒忌','2009年68号 ','1','2013-05-27 08:00:00','1','2013-05-27 08:00:00',NULL,'0'),('46','46','多元','2009年65号 ','1','2013-05-27 08:00:00','1','2013-05-27 08:00:00',NULL,'0'),('47','47','鹅掌癣','医疗术语 ','1','2013-05-27 08:00:00','1','2013-05-27 08:00:00',NULL,'0'),('48','48','防癌','明示或暗示对疾病的治疗作用和效果 ','1','2013-05-27 08:00:00','1','2013-05-27 08:00:00',NULL,'0'),('49','49','防菌','明示或暗示对疾病的治疗作用和效果 ','1','2013-05-27 08:00:00','1','2013-05-27 08:00:00',NULL,'0'),('5','5','DNA再生','虚假夸大用语 ','1','2013-05-27 08:00:00','1','2013-05-27 08:00:00',NULL,'0'),('50','50','防敏','明示或暗示对疾病的治疗作用和效果 ','1','2013-05-27 08:00:00','1','2013-05-27 08:00:00',NULL,'0'),('51','51','防皱','虚假夸大用语 ','1','2013-05-27 08:00:00','1','2013-05-27 08:00:00',NULL,'0'),('52','52','丰乳','虚假夸大用语 ','1','2013-05-27 08:00:00','1','2013-05-27 08:00:00',NULL,'0'),('53','53','丰胸','虚假夸大用语 ','1','2013-05-27 08:00:00','1','2013-05-27 08:00:00',NULL,'0'),('54','54','腹痛','医疗术语 ','1','2013-05-27 08:00:00','1','2013-05-27 08:00:00',NULL,'0'),('55','55','高贵','虚假夸大用语 ','1','2013-05-27 08:00:00','1','2013-05-27 08:00:00',NULL,'0'),('56','56','高清微整','夸大宣传，因兰蔻退回。 ','1','2013-05-27 08:00:00','1','2013-05-27 08:00:00',NULL,'0'),('57','57','高渗透',NULL,'1','2013-05-27 08:00:00','1','2013-05-27 08:00:00',NULL,'0'),('58','58','高渗透（5.21徐 张）','虚假夸大用语 ','1','2013-05-27 08:00:00','1','2013-05-27 08:00:00',NULL,'0'),('59','59','高效','虚假夸大用语 ','1','2013-05-27 08:00:00','1','2013-05-27 08:00:00',NULL,'0'),('6','6','Dr.','易误导消费者 ','1','2013-05-27 08:00:00','1','2013-05-27 08:00:00',NULL,'0'),('60','60','个人专属',NULL,'1','2013-05-27 08:00:00','1','2013-05-27 08:00:00',NULL,'0'),('61','61','更新肌肤','虚假夸大用语 ','1','2013-05-27 08:00:00','1','2013-05-27 08:00:00',NULL,'0'),('62','62','股癣','医疗术语 ','1','2013-05-27 08:00:00','1','2013-05-27 08:00:00',NULL,'0'),('63','63','关节痛','医疗术语 ','1','2013-05-27 08:00:00','1','2013-05-27 08:00:00',NULL,'0'),('64','64','广谱”（防晒除外）、激活','虚假夸大用语 ','1','2013-05-27 08:00:00','1','2013-05-27 08:00:00',NULL,'0'),('65','65','汉方','虚假夸大用语 ','1','2013-05-27 08:00:00','1','2013-05-27 08:00:00',NULL,'0'),('66','66','荷尔蒙','医疗术语 ','1','2013-05-27 08:00:00','1','2013-05-27 08:00:00',NULL,'0'),('67','67','黑钻','虚假夸大用语 ','1','2013-05-27 08:00:00','1','2013-05-27 08:00:00',NULL,'0'),('68','68','红萃','虚假夸大用语 ','1','2013-05-27 08:00:00','1','2013-05-27 08:00:00',NULL,'0'),('69','69','钻石','虚假夸大用语 ','1','2013-05-27 08:00:00','1','2013-05-27 08:00:00',NULL,'0'),('7','7','PP','2009年66号 ','1','2013-05-27 08:00:00','1','2013-05-27 08:00:00',NULL,'0'),('70','70','红外线','命名指南 P47 ','1','2013-05-27 08:00:00','1','2013-05-27 08:00:00',NULL,'0'),('71','71','红血丝',NULL,'1','2013-05-27 08:00:00','1','2013-05-27 08:00:00',NULL,'0'),('72','72','红肿','医疗术语 ','1','2013-05-27 08:00:00','1','2013-05-27 08:00:00',NULL,'0'),('73','73','蝴蝶斑','明示或暗示对疾病的治疗作用和效果 ','1','2013-05-27 08:00:00','1','2013-05-27 08:00:00',NULL,'0'),('74','74','护士','医疗术语 ','1','2013-05-27 08:00:00','1','2013-05-27 08:00:00',NULL,'0'),('75','75','花斑癣','医疗术语 ','1','2013-05-27 08:00:00','1','2013-05-27 08:00:00',NULL,'0'),('76','76','缓解痉挛抽搐','明示或暗示对疾病的治疗作用和效果 ','1','2013-05-27 08:00:00','1','2013-05-27 08:00:00',NULL,'0'),('77','77','缓敏','明示或暗示对疾病的治疗作用和效果 ','1','2013-05-27 08:00:00','1','2013-05-27 08:00:00',NULL,'0'),('78','78','换肤','虚假夸大用语 ','1','2013-05-27 08:00:00','1','2013-05-27 08:00:00',NULL,'0'),('79','79','患处','医疗术语 ','1','2013-05-27 08:00:00','1','2013-05-27 08:00:00',NULL,'0'),('8','8','安全','司意见：国家局未对备案进行技术审评，名称中“安全”一词不妥。 ','1','2013-05-27 08:00:00','1','2013-05-27 08:00:00',NULL,'0'),('80','80','黄褐斑','明示或暗示对疾病的治疗作用和效果 ','1','2013-05-27 08:00:00','1','2013-05-27 08:00:00',NULL,'0'),('81','81','绘幻','虚假夸大用语 ','1','2013-05-27 08:00:00','1','2013-05-27 08:00:00',NULL,'0'),('82','82','活肤','虚假夸大用语 ','1','2013-05-27 08:00:00','1','2013-05-27 08:00:00',NULL,'0'),('83','83','活力系列','虚假夸大用语 ','1','2013-05-27 08:00:00','1','2013-05-27 08:00:00',NULL,'0'),('84','84','活能','2009年74号 ','1','2013-05-27 08:00:00','1','2013-05-27 08:00:00',NULL,'0'),('85','85','活细胞','虚假夸大用语 ','1','2013-05-27 08:00:00','1','2013-05-27 08:00:00',NULL,'0'),('86','86','活血','明示或暗示对疾病的治疗作用和效果 ','1','2013-05-27 08:00:00','1','2013-05-27 08:00:00',NULL,'0'),('87','87','活颜肌因','虚假夸大用语 ','1','2013-05-27 08:00:00','1','2013-05-27 08:00:00',NULL,'0'),('88','88','活氧','虚假夸大用语 ','1','2013-05-27 08:00:00','1','2013-05-27 08:00:00',NULL,'0'),('89','89','肌痛','医疗术语 ','1','2013-05-27 08:00:00','1','2013-05-27 08:00:00',NULL,'0'),('9','9','安神','明示或暗示对疾病的治疗作用和效果 ','1','2013-05-27 08:00:00','1','2013-05-27 08:00:00',NULL,'0'),('90','90','激活',NULL,'1','2013-05-27 08:00:00','1','2013-05-27 08:00:00',NULL,'0'),('91','91','激赏（提供商标注册放过）','虚假夸大用语 ','1','2013-05-27 08:00:00','1','2013-05-27 08:00:00',NULL,'0'),('92','92','激素','医疗术语 ','1','2013-05-27 08:00:00','1','2013-05-27 08:00:00',NULL,'0'),('93','93','即效','虚假夸大用语 ','1','2013-05-27 08:00:00','1','2013-05-27 08:00:00',NULL,'0'),('94','94','极致','虚假夸大用语09年14号 ','1','2013-05-27 08:00:00','1','2013-05-27 08:00:00',NULL,'0'),('95','95','嫉妒','2009年68号 ','1','2013-05-27 08:00:00','1','2013-05-27 08:00:00',NULL,'0'),('96','96','甲癣','医疗术语 ','1','2013-05-27 08:00:00','1','2013-05-27 08:00:00',NULL,'0'),('97','97','减肥','虚假夸大用语 ','1','2013-05-27 08:00:00','1','2013-05-27 08:00:00',NULL,'0'),('98','98','脚气','医疗术语 ','1','2013-05-27 08:00:00','1','2013-05-27 08:00:00',NULL,'0'),('99','99','脚癣','医疗术语 ','1','2013-05-27 08:00:00','1','2013-05-27 08:00:00',NULL,'0');
/*!40000 ALTER TABLE `mms_forbidden_words` ENABLE KEYS */;
UNLOCK TABLES;

--
-- Table structure for table `mms_formula`
--

DROP TABLE IF EXISTS `mms_formula`;
/*!40101 SET @saved_cs_client     = @@character_set_client */;
/*!40101 SET character_set_client = utf8 */;
CREATE TABLE `mms_formula` (
  `id` varchar(64) NOT NULL COMMENT '编号',
  `product_number` varchar(64) DEFAULT NULL COMMENT '归属产品编号',
  `sequence` varchar(64) DEFAULT NULL COMMENT '序号',
  `formula_name` varchar(255) DEFAULT NULL COMMENT '配方名称',
  `raw_material_content_total` varchar(64) DEFAULT NULL COMMENT '总原料含量（%）',
  `actual_component_content_total` varchar(64) DEFAULT NULL COMMENT '总实际成份含量（%）',
  `create_by` varchar(64) DEFAULT NULL COMMENT '创建者',
  `create_date` datetime DEFAULT NULL COMMENT '创建时间',
  `update_by` varchar(64) DEFAULT NULL COMMENT '更新者',
  `update_date` datetime DEFAULT NULL COMMENT '更新时间',
  `remarks` varchar(255) DEFAULT NULL COMMENT '备注信息',
  `del_flag` char(1) NOT NULL DEFAULT '0' COMMENT '删除标记',
  PRIMARY KEY (`id`)
) ENGINE=InnoDB DEFAULT CHARSET=utf8 COMMENT='配方信息';
/*!40101 SET character_set_client = @saved_cs_client */;

--
-- Dumping data for table `mms_formula`
--

LOCK TABLES `mms_formula` WRITE;
/*!40000 ALTER TABLE `mms_formula` DISABLE KEYS */;
INSERT INTO `mms_formula` VALUES ('2f662e7e9b0149c896d31f1bced20835',NULL,NULL,NULL,'99.99999','100.0','1','2017-04-13 22:53:03','1','2017-04-13 22:53:03',NULL,'0');
/*!40000 ALTER TABLE `mms_formula` ENABLE KEYS */;
UNLOCK TABLES;

--
-- Table structure for table `mms_formula_details`
--

DROP TABLE IF EXISTS `mms_formula_details`;
/*!40101 SET @saved_cs_client     = @@character_set_client */;
/*!40101 SET character_set_client = utf8 */;
CREATE TABLE `mms_formula_details` (
  `id` varchar(64) NOT NULL COMMENT '编号',
  `formula_id` varchar(64) NOT NULL COMMENT '配方id',
  `sequence` varchar(64) NOT NULL COMMENT '序号',
  `standard_chinese_name` varchar(100) NOT NULL COMMENT '标准中文名称',
  `inic_name` varchar(100) DEFAULT NULL COMMENT 'INCI名',
  `raw_material_content` varchar(10) DEFAULT NULL COMMENT '原料含量（%）',
  `compound_percentage` varchar(10) DEFAULT NULL COMMENT '复配百分比（%）',
  `actual_component_content` varchar(32) DEFAULT NULL COMMENT '实际成份含量（%）',
  `purpose_of_use` varchar(100) DEFAULT NULL COMMENT '使用目的',
  `risk_material` varchar(100) DEFAULT NULL COMMENT '风险物质',
  `component_type` char(1) DEFAULT NULL COMMENT '成分类型(1:正常，2：禁用，3：限用)',
  `actual_component_content_status` char(1) DEFAULT NULL COMMENT '对于限用成分的实际成份含量状态(1:符合标准，2：不符合标准)',
  `name_or_inic_status` char(1) DEFAULT NULL COMMENT '标准中文名称或INCI名的状态(0:正常,1:标准中文名称和INCI名不一致,2：标准中文名称未出现,3：INCI名未出现,4:标准中文名称和INCI名都未出现)',
  `plant_component` char(1) DEFAULT NULL COMMENT '是否是植物成分(1:是,2:不是)',
  `create_by` varchar(64) DEFAULT NULL COMMENT '创建者',
  `create_date` datetime DEFAULT NULL COMMENT '创建时间',
  `update_by` varchar(64) DEFAULT NULL COMMENT '更新者',
  `update_date` datetime DEFAULT NULL COMMENT '更新时间',
  `remarks` varchar(255) DEFAULT NULL COMMENT '备注信息',
  `del_flag` char(1) NOT NULL DEFAULT '0' COMMENT '删除标记',
  PRIMARY KEY (`id`)
) ENGINE=InnoDB DEFAULT CHARSET=utf8 COMMENT='配方详情信息';
/*!40101 SET character_set_client = @saved_cs_client */;

--
-- Dumping data for table `mms_formula_details`
--

LOCK TABLES `mms_formula_details` WRITE;
/*!40000 ALTER TABLE `mms_formula_details` DISABLE KEYS */;
INSERT INTO `mms_formula_details` VALUES ('051bcf43bb724af2bf772279d1272e6d','2f662e7e9b0149c896d31f1bced20835','14','苯氧乙醇','Phenoxyethanol','0.2','100','0.2','防腐剂','苯酚、二噁烷、二甘醇','1',NULL,'4','2','1','2017-04-13 22:53:03','1','2017-04-13 23:15:17',NULL,'0'),('0757de450b934cff845d0ba75118b6c4','2f662e7e9b0149c896d31f1bced20835','19','1,3-丙二醇','Propanediol','0.01','59.8','0.00598','皮肤调理剂','','1',NULL,'4','2','1','2017-04-13 22:53:03','1','2017-04-13 23:15:17',NULL,'0'),('09ea337348e44859bd6325f9f3a1c671','2f662e7e9b0149c896d31f1bced20835','23','苯氧乙醇','Phenoxyethanol','1.0E-4','0.54','5.4E-7','皮肤调理剂','苯酚、二噁烷、二甘醇','1',NULL,'4','2','1','2017-04-13 22:53:03','1','2017-04-13 23:15:17',NULL,'0'),('0efa9d99b4954844b14ec710d16467d2','2f662e7e9b0149c896d31f1bced20835','15','氯苯甘醚','Chlorphenesin','0.2','100','0.2','防腐剂','','1',NULL,'4','2','1','2017-04-13 22:53:03','1','2017-04-13 23:15:17',NULL,'0'),('1548f8ec85ae4d17a1df3a024e459f26','2f662e7e9b0149c896d31f1bced20835','19','抗坏血酸(维生素C)','Ascorbic Acid','0.01','0.1','1.0000001E-5','皮肤调理剂','','1',NULL,'4','2','1','2017-04-13 22:53:03','1','2017-04-13 23:15:17',NULL,'0'),('16cc08a5232848ad97cdbd053b23680c','2f662e7e9b0149c896d31f1bced20835','4','肉豆蔻酸','Myristic Acid','7.5','1','0.075','清洁剂','','1',NULL,'4','2','1','2017-04-13 22:53:03','1','2017-04-13 23:15:16',NULL,'0'),('189fb2df613a4a6f98ac076122ed08ba','2f662e7e9b0149c896d31f1bced20835','2','月桂酸','Lauric acid','17.5','1','0.175','清洁剂','','1',NULL,'4','2','1','2017-04-13 22:53:03','1','2017-04-13 23:15:16',NULL,'0'),('1a87bf94cc28484c8f9cdba0df031c80','2f662e7e9b0149c896d31f1bced20835','12','微晶纤维素','Microcrystalline Cellulose','0.4','24','0.096','磨削剂','','1',NULL,'4','2','1','2017-04-13 22:53:03','1','2017-04-13 23:15:17',NULL,'0'),('1d7993ab61f741b68f92b41f573e3499','2f662e7e9b0149c896d31f1bced20835','2','花生酸','Arachidic Acid','17.5','1','0.175','清洁剂','','1',NULL,'4','2','1','2017-04-13 22:53:03','1','2017-04-13 23:15:16',NULL,'0'),('1f2589cd694f42608e6d074c5f545505','2f662e7e9b0149c896d31f1bced20835','21','丁二醇','Butylene Glycol','1.0E-4','5','5.0E-6','皮肤调理剂','','1',NULL,'4','2','1','2017-04-13 22:53:03','1','2017-04-13 23:15:17',NULL,'0'),('20ab876e687f480f8ae9b7f39f17da1c','2f662e7e9b0149c896d31f1bced20835','3','甘油','Glycerin','17','100','17.0','保湿剂','','1',NULL,'4','2','1','2017-04-13 22:53:03','1','2017-04-13 23:15:16',NULL,'0'),('2304fcc8d0e04523bc55eb3d5c8c3321','2f662e7e9b0149c896d31f1bced20835','10','PEG-100 硬脂酸酯','PEG-100 Stearate','2','48','0.96','乳化剂','','1',NULL,'4','2','1','2017-04-13 22:53:03','1','2017-04-13 23:15:16',NULL,'0'),('2b8d4fd8dff94391b062eb6738a8a52c','2f662e7e9b0149c896d31f1bced20835','21','黄花前胡(PEUCEDANUM GRAVEOLENS)提取物','Peucedanum Graveolens (Dill) Extract','1.0E-4','2.5','2.5E-6','皮肤调理剂','','1',NULL,'4','2','1','2017-04-13 22:53:03','1','2017-04-13 23:15:17',NULL,'0'),('304f0a01e5f84e67b1c8bbda68227c7e','2f662e7e9b0149c896d31f1bced20835','12','羟丙基甲基纤维素','Hydroxypropyl Methylcellulose','0.4','4.4','0.017600002','磨削剂','','1',NULL,'4','2','1','2017-04-13 22:53:03','1','2017-04-13 23:15:16',NULL,'0'),('31bb27c859714c6a9903c76f39f0832a','2f662e7e9b0149c896d31f1bced20835','16','水','Water','0.1','87.5','0.0875','抗静电剂','','1',NULL,'4','2','1','2017-04-13 22:53:03','1','2017-04-13 23:15:17',NULL,'0'),('3426967666d6402e8593728d14809fbe','2f662e7e9b0149c896d31f1bced20835','19','柠檬酸','Citric Acid','0.01','0.1','1.0000001E-5','皮肤调理剂','','1',NULL,'4','2','1','2017-04-13 22:53:03','1','2017-04-13 23:15:17',NULL,'0'),('36d9dcd6cb0c49d2940bc5c667994bb7','2f662e7e9b0149c896d31f1bced20835','19','水','Water','0.01','37.5','0.00375','皮肤调理剂','','1',NULL,'4','2','1','2017-04-13 22:53:03','1','2017-04-13 23:15:17',NULL,'0'),('36fc96ca6f3e454e92da99e4f883e552','2f662e7e9b0149c896d31f1bced20835','17','EDTA 二钠','Disodium EDTA','0.05','100','0.05','螯合剂','','1',NULL,'4','2','1','2017-04-13 22:53:03','1','2017-04-13 23:15:17',NULL,'0'),('3a6a78f7426146318cb36cc98769e829','2f662e7e9b0149c896d31f1bced20835','1','水','Water','28.5497','100','28.5497','溶剂','','1',NULL,'4','2','1','2017-04-13 22:53:03','1','2017-04-13 23:15:16',NULL,'0'),('3aed85a232854b5fa04c4b1194a6e3cd','2f662e7e9b0149c896d31f1bced20835','22','二裂酵母发酵产物溶胞物','Bifida Ferment Lysate','1.0E-4','32','3.2E-5','保湿剂','','1',NULL,'4','2','1','2017-04-13 22:53:03','1','2017-04-13 23:15:17',NULL,'0'),('4679df0489d54521985835742e60a49d','2f662e7e9b0149c896d31f1bced20835','18','硅石','Silica','0.03','3','9.0E-4','磨削剂','','1',NULL,'4','2','1','2017-04-13 22:53:03','1','2017-04-13 23:15:17',NULL,'0'),('4827101e177e4681ba0e5fe1190c99aa','2f662e7e9b0149c896d31f1bced20835','12','CI 77492','CI 77492','0.4','1','0.004','磨削剂','','1',NULL,'4','2','1','2017-04-13 22:53:03','1','2017-04-13 23:15:16',NULL,'0'),('4af221acd9bb4aeb86b41e4dd628f6fd','2f662e7e9b0149c896d31f1bced20835','12','乳糖','Lactose','0.4','20','0.08','磨削剂','','1',NULL,'4','2','1','2017-04-13 22:53:03','1','2017-04-13 23:15:16',NULL,'0'),('4bc9eadbb86a45e1bc8603c77938fb65','2f662e7e9b0149c896d31f1bced20835','8','棕榈酸','Palmitic Acid','3.5','1','0.035','清洁剂','','1',NULL,'4','2','1','2017-04-13 22:53:03','1','2017-04-13 23:15:16',NULL,'0'),('4c1e9f025ec04ec793c64c9391b57da2','2f662e7e9b0149c896d31f1bced20835','7','氢氧化钾','Potassium Hydroxide','5.75','85','4.8875','pH调节剂','','1',NULL,'4','2','1','2017-04-13 22:53:03','1','2017-04-13 23:15:16',NULL,'0'),('4cc301f82d744855a16a4ec33b714ace','2f662e7e9b0149c896d31f1bced20835','2','硬脂酸','Stearic Acid','17.5','40','7.0','清洁剂','','1',NULL,'4','2','1','2017-04-13 22:53:03','1','2017-04-13 23:15:16',NULL,'0'),('4dd289c7325c427d942c0de01a113335','2f662e7e9b0149c896d31f1bced20835','21','乙基己基甘油','Ethylhexylglycerin','1.0E-4','0.05','4.9999997E-8','皮肤调理剂','','1',NULL,'4','2','1','2017-04-13 22:53:03','1','2017-04-13 23:15:17',NULL,'0'),('55f9f58677494488a75949edb2d55044','2f662e7e9b0149c896d31f1bced20835','21','水','Water','1.0E-4','86.95','8.695E-5','皮肤调理剂','','1',NULL,'4','2','1','2017-04-13 22:53:03','1','2017-04-13 23:15:17',NULL,'0'),('598c488916a64a1f99793403360660c8','2f662e7e9b0149c896d31f1bced20835','4','月桂酸','Lauric acid','7.5','98','7.35','清洁剂','','1',NULL,'4','2','1','2017-04-13 22:53:03','1','2017-04-13 23:15:16',NULL,'0'),('5e31c2168a024d65a3ff7de4788407a8','2f662e7e9b0149c896d31f1bced20835','23','乙基己基甘油','Ethylhexylglycerin','1.0E-4','0.06','6.0E-8','皮肤调理剂','','1',NULL,'4','2','1','2017-04-13 22:53:03','1','2017-04-13 23:15:17',NULL,'0'),('69a245a0017a446797d59dc4cc5f008d','2f662e7e9b0149c896d31f1bced20835','22','苯氧乙醇','Phenoxyethanol','1.0E-4','0.9','8.999999E-7','保湿剂','苯酚、二噁烷、二甘醇','1',NULL,'4','2','1','2017-04-13 22:53:03','1','2017-04-13 23:15:17',NULL,'0'),('69cec3472ffb4bdd9b8bd1fb3a3d331e','2f662e7e9b0149c896d31f1bced20835','2','棕榈酸','Palmitic Acid','17.5','57','9.975','清洁剂','','1',NULL,'4','2','1','2017-04-13 22:53:03','1','2017-04-13 23:15:16',NULL,'0'),('6cb1c41cc2574e1f80ec2f4574d4bd63','2f662e7e9b0149c896d31f1bced20835','12','蔗糖','Sucrose','0.4','15.6','0.062400002','磨削剂','','1',NULL,'4','2','1','2017-04-13 22:53:03','1','2017-04-13 23:15:16',NULL,'0'),('7092f94b785e4dd3936f73198f6986f7','2f662e7e9b0149c896d31f1bced20835','11','甘油硬脂酸酯','Glyceryl Stearate','2','100','2.0','乳化剂','','1',NULL,'4','2','1','2017-04-13 22:53:03','1','2017-04-13 23:15:16',NULL,'0'),('753ca18d25204fb8b917bb6ec6f09340','2f662e7e9b0149c896d31f1bced20835','13','辛甘醇','Caprylyl Glycol','0.2','50','0.1','皮肤调理剂','','1',NULL,'4','2','1','2017-04-13 22:53:03','1','2017-04-13 23:15:17',NULL,'0'),('793740129ecb4d059edf503f7c9ad5a2','2f662e7e9b0149c896d31f1bced20835','5','椰油酰胺丙基甜菜碱','Cocamidopropyl Betaine','6','30','1.8','清洁剂','','1',NULL,'4','2','1','2017-04-13 22:53:03','1','2017-04-13 23:15:16',NULL,'0'),('7bf57117191145909c03fe29d9a00906','2f662e7e9b0149c896d31f1bced20835','13','乙基己基甘油','Ethylhexylglycerin','0.2','50','0.1','皮肤调理剂','','1',NULL,'4','2','1','2017-04-13 22:53:03','1','2017-04-13 23:15:17',NULL,'0'),('7cd75faf635f4aa3836a59f5379e9053','2f662e7e9b0149c896d31f1bced20835','22','水','Water','1.0E-4','2.1','2.0999998E-6','保湿剂','','1',NULL,'4','2','1','2017-04-13 22:53:03','1','2017-04-13 23:15:17',NULL,'0'),('7d3bfc4daff84e4cb8bba9df11f55a4e','2f662e7e9b0149c896d31f1bced20835','20','(日用)香精','Fragrance','0.01','100','0.01','芳香剂','','1',NULL,'4','2','1','2017-04-13 22:53:03','1','2017-04-13 23:15:17',NULL,'0'),('875ceddf27ea43aab64de1b84f4fa60b','2f662e7e9b0149c896d31f1bced20835','21','1,2-己二醇','1,2-Hexanediol','1.0E-4','3','2.9999999E-6','皮肤调理剂','','1',NULL,'4','2','1','2017-04-13 22:53:03','1','2017-04-13 23:15:17',NULL,'0'),('9417d067a01f41da8513a3fc37d7e10f','2f662e7e9b0149c896d31f1bced20835','23','丁二醇','Butylene Glycol','1.0E-4','5','5.0E-6','皮肤调理剂','','1',NULL,'4','2','1','2017-04-13 22:53:03','1','2017-04-13 23:15:17',NULL,'0'),('94fe4d136821450bbf22fa4aa118c9b8','2f662e7e9b0149c896d31f1bced20835','23','稻米发酵产物滤液','Rice Ferment Filtrate (Sake)','1.0E-4','0.2','1.9999999E-7','皮肤调理剂','','1',NULL,'4','2','1','2017-04-13 22:53:03','1','2017-04-13 23:15:17',NULL,'0'),('97a30bdd9fed4c1ab6bf6eba552aaac1','2f662e7e9b0149c896d31f1bced20835','2','肉豆蔻酸','Myristic Acid','17.5','1','0.175','清洁剂','','1',NULL,'4','2','1','2017-04-13 22:53:03','1','2017-04-13 23:15:16',NULL,'0'),('a3d8e2dc41f5466c827f46e895ceca94','2f662e7e9b0149c896d31f1bced20835','10','甘油硬脂酸酯','Glyceryl Stearate','2','52','1.04','乳化剂','','1',NULL,'4','2','1','2017-04-13 22:53:03','1','2017-04-13 23:15:16',NULL,'0'),('a3ee4a48dadb4c78b4968c2ef79720f5','2f662e7e9b0149c896d31f1bced20835','19','密罗木(MYROTHAMNUS FLABELLIFOLIA)叶/茎提取物','Myrothamnus Flabellifolia Leaf/Stem Extract','0.01','2.5','2.4999998E-4','皮肤调理剂','','1',NULL,'4','2','1','2017-04-13 22:53:03','1','2017-04-13 23:15:17',NULL,'0'),('a8b94035db4c4e4896895a5c22bff61a','2f662e7e9b0149c896d31f1bced20835','7','水','Water','5.75','15','0.8625','pH调节剂','','1',NULL,'4','2','1','2017-04-13 22:53:03','1','2017-04-13 23:15:16',NULL,'0'),('b2ac34cbdd4e4975bfbe5e1a5e6ec441','2f662e7e9b0149c896d31f1bced20835','4','癸酸','Capric acid','7.5','1','0.075','清洁剂','','1',NULL,'4','2','1','2017-04-13 22:53:03','1','2017-04-13 23:15:16',NULL,'0'),('b541acf3cbb24cf394b2516d703de4ad','2f662e7e9b0149c896d31f1bced20835','12','玉米(ZEA MAYS)淀粉','Zea Mays (Corn) Starch','0.4','35','0.14','磨削剂','','1',NULL,'4','2','1','2017-04-13 22:53:03','1','2017-04-13 23:15:17',NULL,'0'),('c206953c9e434eb493f94c136eff21d2','2f662e7e9b0149c896d31f1bced20835','18','聚乙二醇-90M','PEG-90M','0.03','97','0.029099999','磨削剂','','1',NULL,'4','2','1','2017-04-13 22:53:03','1','2017-04-13 23:15:17',NULL,'0'),('c3d7ea2f48514b029ee6cc28e3977c0a','2f662e7e9b0149c896d31f1bced20835','9','丁二醇','Butylene Glycol','3','100','3.0','保湿剂','','1',NULL,'4','2','1','2017-04-13 22:53:03','1','2017-04-13 23:15:16',NULL,'0'),('c4f4bff9654e4691b5909e8c62747e74','2f662e7e9b0149c896d31f1bced20835','16','聚季铵盐-7','Polyquaternium-7','0.1','10','0.01','抗静电剂','丙烯酰胺','1',NULL,'4','2','1','2017-04-13 22:53:03','1','2017-04-13 23:15:17',NULL,'0'),('d19746ecc8b3486eb22b3894448cb32d','2f662e7e9b0149c896d31f1bced20835','22','甘油','Glycerin','1.0E-4','65','6.5E-5','保湿剂','','1',NULL,'4','2','1','2017-04-13 22:53:03','1','2017-04-13 23:15:17',NULL,'0'),('d7933f1f96a84fbab7147606108be37a','2f662e7e9b0149c896d31f1bced20835','5','氯化钠','Sodium Chloride','6','5','0.3','清洁剂','','1',NULL,'4','2','1','2017-04-13 22:53:03','1','2017-04-13 23:15:16',NULL,'0'),('d7da65bf7dcf4c46915781da247e0efe','2f662e7e9b0149c896d31f1bced20835','5','水','Water','6','65','3.9','清洁剂','','1',NULL,'4','2','1','2017-04-13 22:53:03','1','2017-04-13 23:15:16',NULL,'0'),('e0104fd4127f486abaee8d293ddd873c','2f662e7e9b0149c896d31f1bced20835','16','丙烯酰胺丙基三甲基氯化铵/丙烯酰胺共聚物','Acrylamidopropyltrimonium Chloride/Acrylamide Copolymer','0.1','2.5','0.0025','抗静电剂','','1',NULL,'4','2','1','2017-04-13 22:53:03','1','2017-04-13 23:15:17',NULL,'0'),('e10b9cddae3b48768b9b30d6bac50060','2f662e7e9b0149c896d31f1bced20835','8','肉豆蔻酸','Myristic Acid','3.5','98','3.43','清洁剂','','1',NULL,'4','2','1','2017-04-13 22:53:03','1','2017-04-13 23:15:16',NULL,'0'),('e146917fb8da4941affe6ccef3790888','2f662e7e9b0149c896d31f1bced20835','8','月桂酸','Lauric acid','3.5','1','0.035','清洁剂','','1',NULL,'4','2','1','2017-04-13 22:53:03','1','2017-04-13 23:15:16',NULL,'0'),('e74c457a13b94fdfa8f33fef3cc29c98','2f662e7e9b0149c896d31f1bced20835','6','聚乙二醇-32','PEG-32','6','100','6.0','保湿剂','','1',NULL,'4','2','1','2017-04-13 22:53:03','1','2017-04-13 23:15:16',NULL,'0'),('e96e04aaf44b4e6d80d9d46b47b75189','2f662e7e9b0149c896d31f1bced20835','21','人参(PANAX GINSENG)提取物','Panax Ginseng Extract','1.0E-4','2.5','2.5E-6','皮肤调理剂','','1',NULL,'4','2','1','2017-04-13 22:53:03','1','2017-04-13 23:15:17',NULL,'0'),('ea4116c6167d41bc821202c2dbb28673','2f662e7e9b0149c896d31f1bced20835','23','水','Water','1.0E-4','94.2','9.419999E-5','皮肤调理剂','','1',NULL,'4','2','1','2017-04-13 22:53:03','1','2017-04-13 23:15:17',NULL,'0');
/*!40000 ALTER TABLE `mms_formula_details` ENABLE KEYS */;
UNLOCK TABLES;

--
-- Table structure for table `mms_inciname_convert_chinesename`
--

DROP TABLE IF EXISTS `mms_inciname_convert_chinesename`;
/*!40101 SET @saved_cs_client     = @@character_set_client */;
/*!40101 SET character_set_client = utf8 */;
CREATE TABLE `mms_inciname_convert_chinesename` (
  `id` varchar(64) NOT NULL COMMENT '编号',
  `standard_chinese_name` varchar(200) NOT NULL COMMENT '标准中文名称',
  `inci_name` varchar(200) DEFAULT NULL COMMENT 'INCI名',
  `cas_number` varchar(200) DEFAULT NULL COMMENT 'CAS号',
  `create_by` varchar(64) DEFAULT NULL COMMENT '创建者',
  `create_date` datetime DEFAULT NULL COMMENT '创建时间',
  `update_by` varchar(64) DEFAULT NULL COMMENT '更新者',
  `update_date` datetime DEFAULT NULL COMMENT '更新时间',
  `remarks` varchar(255) DEFAULT NULL COMMENT '备注信息',
  `del_flag` char(1) NOT NULL DEFAULT '0' COMMENT '删除标记',
  PRIMARY KEY (`id`)
) ENGINE=InnoDB DEFAULT CHARSET=utf8 COMMENT='inci名与标准中文名相互转换';
/*!40101 SET character_set_client = @saved_cs_client */;

--
-- Dumping data for table `mms_inciname_convert_chinesename`
--

LOCK TABLES `mms_inciname_convert_chinesename` WRITE;
/*!40000 ALTER TABLE `mms_inciname_convert_chinesename` DISABLE KEYS */;
/*!40000 ALTER TABLE `mms_inciname_convert_chinesename` ENABLE KEYS */;
UNLOCK TABLES;

--
-- Table structure for table `mms_limited_component`
--

DROP TABLE IF EXISTS `mms_limited_component`;
/*!40101 SET @saved_cs_client     = @@character_set_client */;
/*!40101 SET character_set_client = utf8 */;
CREATE TABLE `mms_limited_component` (
  `id` varchar(64) NOT NULL COMMENT '编号',
  `sequence` varchar(64) NOT NULL COMMENT '序号',
  `standard_chinese_name` varchar(100) NOT NULL COMMENT '标准中文名称',
  `inic_name` varchar(100) DEFAULT NULL COMMENT 'INIC名 ',
  `english_name` varchar(100) DEFAULT NULL COMMENT '英文名称 ',
  `use_range` varchar(10) DEFAULT NULL COMMENT '适用及(或)使用范围 ',
  `max_allow_concentretion` varchar(10) DEFAULT NULL COMMENT '最大允许浓度',
  `create_by` varchar(64) DEFAULT NULL COMMENT '创建者',
  `create_date` datetime DEFAULT NULL COMMENT '创建时间',
  `update_by` varchar(64) DEFAULT NULL COMMENT '更新者',
  `update_date` datetime DEFAULT NULL COMMENT '更新时间',
  `remarks` varchar(255) DEFAULT NULL COMMENT '备注信息',
  `del_flag` char(1) NOT NULL DEFAULT '0' COMMENT '删除标记',
  PRIMARY KEY (`id`)
) ENGINE=InnoDB DEFAULT CHARSET=utf8 COMMENT='化妆品安全技术规范的限用成分';
/*!40101 SET character_set_client = @saved_cs_client */;

--
-- Dumping data for table `mms_limited_component`
--

LOCK TABLES `mms_limited_component` WRITE;
/*!40000 ALTER TABLE `mms_limited_component` DISABLE KEYS */;
/*!40000 ALTER TABLE `mms_limited_component` ENABLE KEYS */;
UNLOCK TABLES;

--
-- Table structure for table `mms_market_product`
--

DROP TABLE IF EXISTS `mms_market_product`;
/*!40101 SET @saved_cs_client     = @@character_set_client */;
/*!40101 SET character_set_client = utf8 */;
CREATE TABLE `mms_market_product` (
  `id` varchar(64) NOT NULL COMMENT '编号',
  `product_number` varchar(64) NOT NULL COMMENT '产品编号',
  `english_name` varchar(100) DEFAULT NULL COMMENT '英文名称',
  `chinese_name` varchar(100) NOT NULL COMMENT '中文名称',
  `country_of_origin` varchar(64) DEFAULT NULL COMMENT '原产国',
  `product_type` char(1) DEFAULT NULL COMMENT '类别(1：非特，2：特殊，3：延续，4：变更，5：其他)',
  `work_matters` varchar(100) DEFAULT NULL COMMENT '工作事项',
  `product_leader` varchar(64) NOT NULL COMMENT '产品负责人',
  `project_leader` varchar(64) NOT NULL COMMENT '项目负责人',
  `enterprise_application` varchar(64) DEFAULT NULL COMMENT '申请企业',
  `enterprise_application_address` varchar(100) DEFAULT NULL COMMENT '申请企业地址',
  `enterprise_application_phone` varchar(32) DEFAULT NULL COMMENT '申请企业电话',
  `enterprise_application_contacts` varchar(100) DEFAULT NULL COMMENT '申请企业联系人',
  `actual_production_enterprise` varchar(64) DEFAULT NULL COMMENT '实际生产企业',
  `actual_production_enterprise_address` varchar(64) DEFAULT NULL COMMENT '实际生产企业地址',
  `responsible_unit_in_china` varchar(64) DEFAULT NULL COMMENT '在华责任单位',
  `responsible_unit_in_china_address` varchar(64) DEFAULT NULL COMMENT '在华责任单位地址',
  `responsible_unit_in_china_phone` varchar(64) DEFAULT NULL COMMENT '在华责任单位电话',
  `responsible_unit_in_china_fax` varchar(64) DEFAULT NULL COMMENT '在华责任单位传真',
  `responsible_unit_in_china_zip_code` varchar(64) DEFAULT NULL COMMENT '在华责任单位邮编',
  `project_time` datetime DEFAULT NULL COMMENT '立项时间',
  `contract_number` varchar(64) DEFAULT NULL COMMENT '合同编号',
  `contract_signing_time` datetime DEFAULT NULL COMMENT '合同签订时间',
  `arrival_company` datetime DEFAULT NULL COMMENT '来款单位',
  `product_handle_person_id` varchar(64) NOT NULL COMMENT '产品处理人id',
  `create_by` varchar(64) DEFAULT NULL COMMENT '创建者',
  `create_date` datetime DEFAULT NULL COMMENT '创建时间',
  `update_by` varchar(64) DEFAULT NULL COMMENT '更新者',
  `update_date` datetime DEFAULT NULL COMMENT '更新时间',
  `remarks` varchar(255) DEFAULT NULL COMMENT '备注信息',
  `del_flag` char(1) NOT NULL DEFAULT '0' COMMENT '删除标记',
  PRIMARY KEY (`id`)
) ENGINE=InnoDB DEFAULT CHARSET=utf8 COMMENT='市场产品';
/*!40101 SET character_set_client = @saved_cs_client */;

--
-- Dumping data for table `mms_market_product`
--

LOCK TABLES `mms_market_product` WRITE;
/*!40000 ALTER TABLE `mms_market_product` DISABLE KEYS */;
/*!40000 ALTER TABLE `mms_market_product` ENABLE KEYS */;
UNLOCK TABLES;

--
-- Table structure for table `mms_material_use`
--

DROP TABLE IF EXISTS `mms_material_use`;
/*!40101 SET @saved_cs_client     = @@character_set_client */;
/*!40101 SET character_set_client = utf8 */;
CREATE TABLE `mms_material_use` (
  `id` varchar(64) NOT NULL COMMENT '编号',
  `sequence` varchar(64) NOT NULL COMMENT '原料序号（导入配方详情的每一项的序号）',
  `standard_chinese_name` varchar(100) NOT NULL COMMENT '标准中文名称',
  `min_actual_component_content` varchar(32) DEFAULT NULL COMMENT '最小实际成份含量（%）',
  `max_actual_component_content` varchar(32) DEFAULT NULL COMMENT '最大实际成份含量（%）',
  `purpose_of_use` varchar(100) DEFAULT NULL COMMENT '使用目的',
  `risk_material` varchar(100) DEFAULT NULL COMMENT '风险物质',
  `create_by` varchar(64) DEFAULT NULL COMMENT '创建者',
  `create_date` datetime DEFAULT NULL COMMENT '创建时间',
  `update_by` varchar(64) DEFAULT NULL COMMENT '更新者',
  `update_date` datetime DEFAULT NULL COMMENT '更新时间',
  `remarks` varchar(255) DEFAULT NULL COMMENT '备注信息',
  `del_flag` char(1) NOT NULL DEFAULT '0' COMMENT '删除标记',
  PRIMARY KEY (`id`)
) ENGINE=InnoDB DEFAULT CHARSET=utf8 COMMENT='原料使用';
/*!40101 SET character_set_client = @saved_cs_client */;

--
-- Dumping data for table `mms_material_use`
--

LOCK TABLES `mms_material_use` WRITE;
/*!40000 ALTER TABLE `mms_material_use` DISABLE KEYS */;
/*!40000 ALTER TABLE `mms_material_use` ENABLE KEYS */;
UNLOCK TABLES;

--
-- Table structure for table `mms_material_used_database`
--

DROP TABLE IF EXISTS `mms_material_used_database`;
/*!40101 SET @saved_cs_client     = @@character_set_client */;
/*!40101 SET character_set_client = utf8 */;
CREATE TABLE `mms_material_used_database` (
  `id` varchar(64) NOT NULL COMMENT '编号',
  `standard_chinese_name` varchar(100) NOT NULL COMMENT '标准中文名称(即原料名称)',
  `min_actual_component_content` varchar(32) DEFAULT NULL COMMENT '最小实际成份含量（%）',
  `max_actual_component_content` varchar(32) DEFAULT NULL COMMENT '最大实际成份含量（%）',
  `purposes_of_use` text COMMENT '所有使用目的',
  `risk_materials` text COMMENT '所有风险物质',
  `create_by` varchar(64) DEFAULT NULL COMMENT '创建者',
  `create_date` datetime DEFAULT NULL COMMENT '创建时间',
  `update_by` varchar(64) DEFAULT NULL COMMENT '更新者',
  `update_date` datetime DEFAULT NULL COMMENT '更新时间',
  `remarks` varchar(255) DEFAULT NULL COMMENT '备注信息',
  `del_flag` char(1) NOT NULL DEFAULT '0' COMMENT '删除标记',
  PRIMARY KEY (`id`)
) ENGINE=InnoDB DEFAULT CHARSET=utf8 COMMENT='原料使用数据库';
/*!40101 SET character_set_client = @saved_cs_client */;

--
-- Dumping data for table `mms_material_used_database`
--

LOCK TABLES `mms_material_used_database` WRITE;
/*!40000 ALTER TABLE `mms_material_used_database` DISABLE KEYS */;
INSERT INTO `mms_material_used_database` VALUES ('1f52b00af06342e1aacc917f527db0eb','乳糖','0.08','0.08','磨削剂','','1','2017-04-13 22:53:03','1','2017-04-13 22:53:03',NULL,'0'),('2ac97f2860e6454180fcbf385b147852','密罗木(MYROTHAMNUS FLABELLIFOLIA)叶/茎提取物','2.4999998E-4','2.4999998E-4','皮肤调理剂','','1','2017-04-13 22:53:03','1','2017-04-13 22:53:03',NULL,'0'),('2bcbd5e04db44d27a060657cdb7a8ca3','椰油酰胺丙基甜菜碱','1.8','1.8','清洁剂','','1','2017-04-13 22:53:03','1','2017-04-13 22:53:03',NULL,'0'),('2dc91434178b497a8304d4f7ca7fab70','玉米(ZEA MAYS)淀粉','0.14','0.14','磨削剂','','1','2017-04-13 22:53:04','1','2017-04-13 22:53:04',NULL,'0'),('2e6e84e474544b9d943e492571ae0d22','PEG-100 硬脂酸酯','0.96','0.96','乳化剂','','1','2017-04-13 22:53:03','1','2017-04-13 22:53:03',NULL,'0'),('2f2e06a62d224afcbbc2483b5c927d23','聚乙二醇-32','6.0','6.0','保湿剂','','1','2017-04-13 22:53:04','1','2017-04-13 22:53:04',NULL,'0'),('343dfd5979384b62950f2adfd3f11e02','辛甘醇','0.1','0.1','皮肤调理剂','','1','2017-04-13 22:53:04','1','2017-04-13 22:53:04',NULL,'0'),('3aa57f9904e44ad09d7debe2a07b820f','丙烯酰胺丙基三甲基氯化铵/丙烯酰胺共聚物','0.0025','0.0025','抗静电剂','','1','2017-04-13 22:53:03','1','2017-04-13 22:53:03',NULL,'0'),('41b036848e174b65bde029fc0e4785e3','氯苯甘醚','0.2','0.2','防腐剂','','1','2017-04-13 22:53:03','1','2017-04-13 22:53:03',NULL,'0'),('442ffd956d7f482381f9882dee531ac4','水','0.00375','9.419999E-5','抗静电剂,皮肤调理剂,溶剂,皮肤调理剂,保湿剂,pH调节剂,清洁剂,皮肤调理剂',',,,,,,,','1','2017-04-13 22:53:04','1','2017-04-13 22:53:04',NULL,'0'),('473879b2d66e46d3b4fa07e34351eee4','乙基己基甘油','0.1','6.0E-8','皮肤调理剂,皮肤调理剂,皮肤调理剂',',,','1','2017-04-13 22:53:03','1','2017-04-13 22:53:03',NULL,'0'),('4c74958f894447f7b7e6b56913ee92c4','甘油硬脂酸酯','1.04','2.0','乳化剂,乳化剂',',','1','2017-04-13 22:53:04','1','2017-04-13 22:53:04',NULL,'0'),('4c883f907bc946b8a8a4d12e054adeda','EDTA 二钠','0.05','0.05','螯合剂','','1','2017-04-13 22:53:03','1','2017-04-13 22:53:03',NULL,'0'),('4d0814944b4e41508190a9e7c1cfde38','聚季铵盐-7','0.01','0.01','抗静电剂','丙烯酰胺','1','2017-04-13 22:53:04','1','2017-04-13 22:53:04',NULL,'0'),('50c5553696a349d1b07c29fdb47a842e','1,3-丙二醇','0.00598','0.00598','皮肤调理剂','','1','2017-04-13 22:53:03','1','2017-04-13 22:53:03',NULL,'0'),('511c0768cdb14a09a730483d3e8b8402','(日用)香精','0.01','0.01','芳香剂','','1','2017-04-13 22:53:03','1','2017-04-13 22:53:03',NULL,'0'),('51ec4e5dcd4a458aa44a5cd974f4edb6','二裂酵母发酵产物溶胞物','3.2E-5','3.2E-5','保湿剂','','1','2017-04-13 22:53:03','1','2017-04-13 22:53:03',NULL,'0'),('5bf23bb42d2f4297bd247f88edb5a5ee','丁二醇','3.0','5.0E-6','皮肤调理剂,皮肤调理剂,保湿剂',',,','1','2017-04-13 22:53:03','1','2017-04-13 22:53:03',NULL,'0'),('5f99312f9837482c81d58e61c722b37d','黄花前胡(PEUCEDANUM GRAVEOLENS)提取物','2.5E-6','2.5E-6','皮肤调理剂','','1','2017-04-13 22:53:04','1','2017-04-13 22:53:04',NULL,'0'),('61ac7daf021841399d82f2b39e77769d','棕榈酸','0.035','9.975','清洁剂,清洁剂',',','1','2017-04-13 22:53:03','1','2017-04-13 22:53:03',NULL,'0'),('691d277ae4bf41118a936f2a0ed2ff18','稻米发酵产物滤液','1.9999999E-7','1.9999999E-7','皮肤调理剂','','1','2017-04-13 22:53:04','1','2017-04-13 22:53:04',NULL,'0'),('6e1d96ad109540809aef48c139d280fb','花生酸','0.175','0.175','清洁剂','','1','2017-04-13 22:53:04','1','2017-04-13 22:53:04',NULL,'0'),('744be47cf2e64bb09f43e302831697c9','氯化钠','0.3','0.3','清洁剂','','1','2017-04-13 22:53:03','1','2017-04-13 22:53:03',NULL,'0'),('824e3f775a1340e3bacd68ec1ceebf65','苯氧乙醇','0.2','8.999999E-7','防腐剂,皮肤调理剂,保湿剂','苯酚、二噁烷、二甘醇,苯酚、二噁烷、二甘醇,苯酚、二噁烷、二甘醇','1','2017-04-13 22:53:04','1','2017-04-13 22:53:04',NULL,'0'),('8ea1947aab4c4efaa5f5e43fac872c24','柠檬酸','1.0000001E-5','1.0000001E-5','皮肤调理剂','','1','2017-04-13 22:53:03','1','2017-04-13 22:53:03',NULL,'0'),('91120f9c2fe643d6ac66805528cf864f','CI 77492','0.004','0.004','磨削剂','','1','2017-04-13 22:53:03','1','2017-04-13 22:53:03',NULL,'0'),('9d4ffd54250b45da94fdb2eb586efbdc','硬脂酸','7.0','7.0','清洁剂','','1','2017-04-13 22:53:04','1','2017-04-13 22:53:04',NULL,'0'),('a009419dd1dd4a9fa73257ae41444a67','聚乙二醇-90M','0.029099999','0.029099999','磨削剂','','1','2017-04-13 22:53:04','1','2017-04-13 22:53:04',NULL,'0'),('a87a49507b9d4c8b9efd0e06815095fe','人参(PANAX GINSENG)提取物','2.5E-6','2.5E-6','皮肤调理剂','','1','2017-04-13 22:53:03','1','2017-04-13 22:53:03',NULL,'0'),('b62bbe756c584d4596c51edacfa77fde','甘油','17.0','6.5E-5','保湿剂,保湿剂',',','1','2017-04-13 22:53:04','1','2017-04-13 22:53:04',NULL,'0'),('b98a872241e749dd94139d1a39c7bd77','羟丙基甲基纤维素','0.017600002','0.017600002','磨削剂','','1','2017-04-13 22:53:04','1','2017-04-13 22:53:04',NULL,'0'),('b9f23886e81b4d1996bd9fa007e5c7f0','癸酸','0.075','0.075','清洁剂','','1','2017-04-13 22:53:04','1','2017-04-13 22:53:04',NULL,'0'),('bd467b05e59d49d8b7c60c4d1be78eba','肉豆蔻酸','0.075','3.43','清洁剂,清洁剂,清洁剂',',,','1','2017-04-13 22:53:04','1','2017-04-13 22:53:04',NULL,'0'),('c5fb5bf770464e4cb9cc9e0729a3a118','月桂酸','0.035','7.35','清洁剂,清洁剂,清洁剂',',,','1','2017-04-13 22:53:03','1','2017-04-13 22:53:03',NULL,'0'),('d5013de053b74efc86de73e613378c20','氢氧化钾','4.8875','4.8875','pH调节剂','','1','2017-04-13 22:53:03','1','2017-04-13 22:53:03',NULL,'0'),('d5803ca9c5484feeb72893b7be1444bc','1,2-己二醇','2.9999999E-6','2.9999999E-6','皮肤调理剂','','1','2017-04-13 22:53:03','1','2017-04-13 22:53:03',NULL,'0'),('df94ac3fb2b74d04aa8c7ed3101cd57f','蔗糖','0.062400002','0.062400002','磨削剂','','1','2017-04-13 22:53:04','1','2017-04-13 22:53:04',NULL,'0'),('f06ad4fe9bc549a89dacd650b7572d08','硅石','9.0E-4','9.0E-4','磨削剂','','1','2017-04-13 22:53:04','1','2017-04-13 22:53:04',NULL,'0'),('f68d5dc84c1b4c8eac6a5f1e0307836a','抗坏血酸(维生素C)','1.0000001E-5','1.0000001E-5','皮肤调理剂','','1','2017-04-13 22:53:03','1','2017-04-13 22:53:03',NULL,'0'),('feff8f8880544483a928118d95dde1fd','微晶纤维素','0.096','0.096','磨削剂','','1','2017-04-13 22:53:03','1','2017-04-13 22:53:03',NULL,'0');
/*!40000 ALTER TABLE `mms_material_used_database` ENABLE KEYS */;
UNLOCK TABLES;

--
-- Table structure for table `mms_name_to_risk_material`
--

DROP TABLE IF EXISTS `mms_name_to_risk_material`;
/*!40101 SET @saved_cs_client     = @@character_set_client */;
/*!40101 SET character_set_client = utf8 */;
CREATE TABLE `mms_name_to_risk_material` (
  `id` varchar(64) NOT NULL COMMENT '编号',
  `standard_chinese_name` varchar(100) NOT NULL COMMENT '标准中文名称',
  `risk_material` varchar(100) DEFAULT NULL COMMENT '风险物质',
  `transform_level` char(1) DEFAULT NULL COMMENT '转换级别(1:精确转换，2-100：模糊转换级别，数字越大级别越高)',
  `create_by` varchar(64) DEFAULT NULL COMMENT '创建者',
  `create_date` datetime DEFAULT NULL COMMENT '创建时间',
  `update_by` varchar(64) DEFAULT NULL COMMENT '更新者',
  `update_date` datetime DEFAULT NULL COMMENT '更新时间',
  `remarks` varchar(255) DEFAULT NULL COMMENT '备注信息',
  `del_flag` char(1) NOT NULL DEFAULT '0' COMMENT '删除标记',
  PRIMARY KEY (`id`)
) ENGINE=InnoDB DEFAULT CHARSET=utf8 COMMENT='标准中文名对应的风险物质';
/*!40101 SET character_set_client = @saved_cs_client */;

--
-- Dumping data for table `mms_name_to_risk_material`
--

LOCK TABLES `mms_name_to_risk_material` WRITE;
/*!40000 ALTER TABLE `mms_name_to_risk_material` DISABLE KEYS */;
INSERT INTO `mms_name_to_risk_material` VALUES ('1','甘油','二甘醇','2','1','2013-05-27 08:00:00','1','2013-05-27 08:00:00',NULL,'0'),('10','异丙醇','甲醇','1','1','2013-05-27 08:00:00','1','2013-05-27 08:00:00',NULL,'0'),('11','变性乙醇','甲醇','1','1','2013-05-27 08:00:00','1','2013-05-27 08:00:00',NULL,'0'),('12','三乙醇胺','仲链烷胺、亚硝胺','1','1','2013-05-27 08:00:00','1','2013-05-27 08:00:00',NULL,'0'),('13','氨丁三醇','仲链烷胺、亚硝胺','1','1','2013-05-27 08:00:00','1','2013-05-27 08:00:00',NULL,'0'),('14','聚丙烯酰胺','丙烯酰胺','1','1','2013-05-27 08:00:00','1','2013-05-27 08:00:00',NULL,'0'),('15','聚丙烯酸酯-13','丙烯酰胺','1','1','2013-05-27 08:00:00','1','2013-05-27 08:00:00',NULL,'0'),('16','聚季铵盐-7','丙烯酰胺','1','1','2013-05-27 08:00:00','1','2013-05-27 08:00:00',NULL,'0'),('17','聚季铵盐-39','丙烯酰胺','1','1','2013-05-27 08:00:00','1','2013-05-27 08:00:00',NULL,'0'),('18','苯氧乙醇','苯酚、二噁烷、二甘醇','1','1','2013-05-27 08:00:00','1','2013-05-27 08:00:00',NULL,'0'),('19','滑石粉','石棉','1','1','2013-05-27 08:00:00','1','2013-05-27 08:00:00',NULL,'0'),('2','乙二醇','二甘醇','2','1','2013-05-27 08:00:00','1','2013-05-27 08:00:00',NULL,'0'),('3','丙二醇','二甘醇','2','1','2013-05-27 08:00:00','1','2013-05-27 08:00:00',NULL,'0'),('4','聚酯','二甘醇','2','1','2013-05-27 08:00:00','1','2013-05-27 08:00:00',NULL,'0'),('5','聚醚','二噁烷、二甘醇','2','1','2013-05-27 08:00:00','1','2013-05-27 08:00:00',NULL,'0'),('6','PEG','二噁烷、二甘醇','2','1','2013-05-27 08:00:00','1','2013-05-27 08:00:00',NULL,'0'),('7','聚乙二醇','二噁烷、二甘醇','2','1','2013-05-27 08:00:00','1','2013-05-27 08:00:00',NULL,'0'),('8','聚山梨醇酯','二噁烷、二甘醇','2','1','2013-05-27 08:00:00','1','2013-05-27 08:00:00',NULL,'0'),('9','乙醇','甲醇','1','1','2013-05-27 08:00:00','1','2013-05-27 08:00:00',NULL,'0');
/*!40000 ALTER TABLE `mms_name_to_risk_material` ENABLE KEYS */;
UNLOCK TABLES;

--
-- Table structure for table `mms_policies_regulations`
--

DROP TABLE IF EXISTS `mms_policies_regulations`;
/*!40101 SET @saved_cs_client     = @@character_set_client */;
/*!40101 SET character_set_client = utf8 */;
CREATE TABLE `mms_policies_regulations` (
  `id` varchar(64) NOT NULL COMMENT '编号',
  `sequence` varchar(64) NOT NULL COMMENT '序号',
  `file_name` varchar(64) NOT NULL COMMENT '文件名称',
  `source_href` varchar(64) DEFAULT NULL COMMENT '文件原始链接',
  `upload_address` varchar(1000) DEFAULT NULL COMMENT '文件上传地址',
  `document_number` varchar(32) NOT NULL COMMENT '文号',
  `file_type` char(1) NOT NULL COMMENT '政策法规件分类（1：法规、2：标准、3：技术资料）',
  `file_timeliness` char(1) DEFAULT NULL COMMENT '政策法规文件时效性（1：现行、2：征求意见、3：历史文件）',
  `create_by` varchar(64) DEFAULT NULL COMMENT '创建者',
  `create_date` datetime DEFAULT NULL COMMENT '创建时间',
  `update_by` varchar(64) DEFAULT NULL COMMENT '更新者',
  `update_date` datetime DEFAULT NULL COMMENT '更新时间',
  `remarks` varchar(255) DEFAULT NULL COMMENT '备注信息',
  `del_flag` char(1) NOT NULL DEFAULT '0' COMMENT '删除标记',
  PRIMARY KEY (`id`)
) ENGINE=InnoDB DEFAULT CHARSET=utf8 COMMENT='政策法规数据库';
/*!40101 SET character_set_client = @saved_cs_client */;

--
-- Dumping data for table `mms_policies_regulations`
--

LOCK TABLES `mms_policies_regulations` WRITE;
/*!40000 ALTER TABLE `mms_policies_regulations` DISABLE KEYS */;
/*!40000 ALTER TABLE `mms_policies_regulations` ENABLE KEYS */;
UNLOCK TABLES;

--
-- Table structure for table `mms_product`
--

DROP TABLE IF EXISTS `mms_product`;
/*!40101 SET @saved_cs_client     = @@character_set_client */;
/*!40101 SET character_set_client = utf8 */;
CREATE TABLE `mms_product` (
  `id` varchar(64) NOT NULL COMMENT '编号',
  `market_product_id` varchar(64) NOT NULL COMMENT '市场产品id',
  `comprehensive_product_id` varchar(64) DEFAULT NULL COMMENT '综合产品id',
  `declare_product_id` varchar(64) DEFAULT NULL COMMENT '申报产品id',
  `product_status` char(1) DEFAULT NULL COMMENT '产品状态',
  `product_leader` varchar(64) DEFAULT NULL COMMENT '产品负责人',
  `product_process` char(10) DEFAULT NULL COMMENT '产品进度（%）',
  `create_by` varchar(64) DEFAULT NULL COMMENT '创建者',
  `create_date` datetime DEFAULT NULL COMMENT '创建时间',
  `update_by` varchar(64) DEFAULT NULL COMMENT '更新者',
  `update_date` datetime DEFAULT NULL COMMENT '更新时间',
  `remarks` varchar(255) DEFAULT NULL COMMENT '备注信息',
  `del_flag` char(1) NOT NULL DEFAULT '0' COMMENT '删除标记',
  PRIMARY KEY (`id`)
) ENGINE=InnoDB DEFAULT CHARSET=utf8 COMMENT='产品';
/*!40101 SET character_set_client = @saved_cs_client */;

--
-- Dumping data for table `mms_product`
--

LOCK TABLES `mms_product` WRITE;
/*!40000 ALTER TABLE `mms_product` DISABLE KEYS */;
/*!40000 ALTER TABLE `mms_product` ENABLE KEYS */;
UNLOCK TABLES;

--
-- Table structure for table `mms_product_flow_number`
--

DROP TABLE IF EXISTS `mms_product_flow_number`;
/*!40101 SET @saved_cs_client     = @@character_set_client */;
/*!40101 SET character_set_client = utf8 */;
CREATE TABLE `mms_product_flow_number` (
  `id` varchar(64) NOT NULL COMMENT '编号',
  `product_id` varchar(64) NOT NULL COMMENT '对应的产品ID',
  `flow_number` varchar(32) NOT NULL COMMENT '流水编号',
  `flow_year` varchar(32) NOT NULL COMMENT '流水年',
  `create_by` varchar(64) DEFAULT NULL COMMENT '创建者',
  `create_date` datetime DEFAULT NULL COMMENT '创建时间',
  `update_by` varchar(64) DEFAULT NULL COMMENT '更新者',
  `update_date` datetime DEFAULT NULL COMMENT '更新时间',
  `remarks` varchar(255) DEFAULT NULL COMMENT '备注信息',
  `del_flag` char(1) NOT NULL DEFAULT '0' COMMENT '删除标记',
  PRIMARY KEY (`id`)
) ENGINE=InnoDB DEFAULT CHARSET=utf8 COMMENT='产品流水编号';
/*!40101 SET character_set_client = @saved_cs_client */;

--
-- Dumping data for table `mms_product_flow_number`
--

LOCK TABLES `mms_product_flow_number` WRITE;
/*!40000 ALTER TABLE `mms_product_flow_number` DISABLE KEYS */;
/*!40000 ALTER TABLE `mms_product_flow_number` ENABLE KEYS */;
UNLOCK TABLES;

--
-- Table structure for table `mms_raw_material_list`
--

DROP TABLE IF EXISTS `mms_raw_material_list`;
/*!40101 SET @saved_cs_client     = @@character_set_client */;
/*!40101 SET character_set_client = utf8 */;
CREATE TABLE `mms_raw_material_list` (
  `id` varchar(64) NOT NULL COMMENT '编号',
  `sequence` varchar(64) NOT NULL COMMENT '序号',
  `standard_chinese_name` varchar(100) NOT NULL COMMENT '标准中文名称',
  `inic_name` varchar(100) DEFAULT NULL COMMENT 'INCI名/英文名称',
  `create_by` varchar(64) DEFAULT NULL COMMENT '创建者',
  `create_date` datetime DEFAULT NULL COMMENT '创建时间',
  `update_by` varchar(64) DEFAULT NULL COMMENT '更新者',
  `update_date` datetime DEFAULT NULL COMMENT '更新时间',
  `remarks` varchar(255) DEFAULT NULL COMMENT '备注信息',
  `del_flag` char(1) NOT NULL DEFAULT '0' COMMENT '删除标记',
  PRIMARY KEY (`id`)
) ENGINE=InnoDB DEFAULT CHARSET=utf8 COMMENT='已使用原料目录';
/*!40101 SET character_set_client = @saved_cs_client */;

--
-- Dumping data for table `mms_raw_material_list`
--

LOCK TABLES `mms_raw_material_list` WRITE;
/*!40000 ALTER TABLE `mms_raw_material_list` DISABLE KEYS */;
/*!40000 ALTER TABLE `mms_raw_material_list` ENABLE KEYS */;
UNLOCK TABLES;

--
-- Table structure for table `mms_risk_material_assessment`
--

DROP TABLE IF EXISTS `mms_risk_material_assessment`;
/*!40101 SET @saved_cs_client     = @@character_set_client */;
/*!40101 SET character_set_client = utf8 */;
CREATE TABLE `mms_risk_material_assessment` (
  `id` varchar(64) NOT NULL COMMENT '编号',
  `sequence` varchar(64) NOT NULL COMMENT '序号',
  `risk_material_name` varchar(255) NOT NULL COMMENT '风险物质名称',
  `source` varchar(255) DEFAULT NULL COMMENT '主要来源',
  `safety_threshold` varchar(50) DEFAULT NULL COMMENT '安全阈值',
  `evaluation_basis` varchar(255) DEFAULT NULL COMMENT '评估依据',
  `create_by` varchar(64) DEFAULT NULL COMMENT '创建者',
  `create_date` datetime DEFAULT NULL COMMENT '创建时间',
  `update_by` varchar(64) DEFAULT NULL COMMENT '更新者',
  `update_date` datetime DEFAULT NULL COMMENT '更新时间',
  `remarks` varchar(255) DEFAULT NULL COMMENT '备注信息',
  `del_flag` char(1) NOT NULL DEFAULT '0' COMMENT '删除标记',
  PRIMARY KEY (`id`)
) ENGINE=InnoDB DEFAULT CHARSET=utf8 COMMENT='风险物质评估信息';
/*!40101 SET character_set_client = @saved_cs_client */;

--
-- Dumping data for table `mms_risk_material_assessment`
--

LOCK TABLES `mms_risk_material_assessment` WRITE;
/*!40000 ALTER TABLE `mms_risk_material_assessment` DISABLE KEYS */;
/*!40000 ALTER TABLE `mms_risk_material_assessment` ENABLE KEYS */;
UNLOCK TABLES;

--
-- Table structure for table `sys_area`
--

DROP TABLE IF EXISTS `sys_area`;
/*!40101 SET @saved_cs_client     = @@character_set_client */;
/*!40101 SET character_set_client = utf8 */;
CREATE TABLE `sys_area` (
  `id` varchar(64) NOT NULL COMMENT '编号',
  `parent_id` varchar(64) NOT NULL COMMENT '父级编号',
  `parent_ids` varchar(2000) NOT NULL COMMENT '所有父级编号',
  `name` varchar(100) NOT NULL COMMENT '名称',
  `sort` decimal(10,0) NOT NULL COMMENT '排序',
  `code` varchar(100) DEFAULT NULL COMMENT '区域编码',
  `type` char(1) DEFAULT NULL COMMENT '区域类型',
  `create_by` varchar(64) NOT NULL COMMENT '创建者',
  `create_date` datetime NOT NULL COMMENT '创建时间',
  `update_by` varchar(64) NOT NULL COMMENT '更新者',
  `update_date` datetime NOT NULL COMMENT '更新时间',
  `remarks` varchar(255) DEFAULT NULL COMMENT '备注信息',
  `del_flag` char(1) NOT NULL DEFAULT '0' COMMENT '删除标记',
  PRIMARY KEY (`id`),
  KEY `sys_area_parent_id` (`parent_id`),
  KEY `sys_area_del_flag` (`del_flag`)
) ENGINE=InnoDB DEFAULT CHARSET=utf8 COMMENT='区域表';
/*!40101 SET character_set_client = @saved_cs_client */;

--
-- Dumping data for table `sys_area`
--

LOCK TABLES `sys_area` WRITE;
/*!40000 ALTER TABLE `sys_area` DISABLE KEYS */;
INSERT INTO `sys_area` VALUES ('1','0','0,','中国',10,'100000','1','1','2013-05-27 08:00:00','1','2013-05-27 08:00:00',NULL,'0'),('2','1','0,1,','北京市',20,'110000','2','1','2013-05-27 08:00:00','1','2013-05-27 08:00:00',NULL,'0');
/*!40000 ALTER TABLE `sys_area` ENABLE KEYS */;
UNLOCK TABLES;

--
-- Table structure for table `sys_dict`
--

DROP TABLE IF EXISTS `sys_dict`;
/*!40101 SET @saved_cs_client     = @@character_set_client */;
/*!40101 SET character_set_client = utf8 */;
CREATE TABLE `sys_dict` (
  `id` varchar(64) NOT NULL COMMENT '编号',
  `value` varchar(100) NOT NULL COMMENT '数据值',
  `label` varchar(100) NOT NULL COMMENT '标签名',
  `type` varchar(100) NOT NULL COMMENT '类型',
  `description` varchar(100) NOT NULL COMMENT '描述',
  `sort` decimal(10,0) NOT NULL COMMENT '排序（升序）',
  `parent_id` varchar(64) DEFAULT '0' COMMENT '父级编号',
  `create_by` varchar(64) NOT NULL COMMENT '创建者',
  `create_date` datetime NOT NULL COMMENT '创建时间',
  `update_by` varchar(64) NOT NULL COMMENT '更新者',
  `update_date` datetime NOT NULL COMMENT '更新时间',
  `remarks` varchar(255) DEFAULT NULL COMMENT '备注信息',
  `del_flag` char(1) NOT NULL DEFAULT '0' COMMENT '删除标记',
  PRIMARY KEY (`id`),
  KEY `sys_dict_value` (`value`),
  KEY `sys_dict_label` (`label`),
  KEY `sys_dict_del_flag` (`del_flag`)
) ENGINE=InnoDB DEFAULT CHARSET=utf8 COMMENT='字典表';
/*!40101 SET character_set_client = @saved_cs_client */;

--
-- Dumping data for table `sys_dict`
--

LOCK TABLES `sys_dict` WRITE;
/*!40000 ALTER TABLE `sys_dict` DISABLE KEYS */;
INSERT INTO `sys_dict` VALUES ('1','0','正常','del_flag','删除标记',10,'0','1','2013-05-27 08:00:00','1','2013-05-27 08:00:00',NULL,'0'),('10','yellow','黄色','color','颜色值',40,'0','1','2013-05-27 08:00:00','1','2013-05-27 08:00:00',NULL,'0'),('100','1','精确转换','transform_level','转换级别',10,'0','1','2013-10-28 08:00:00','1','2013-10-28 08:00:00',NULL,'0'),('101','2','模糊转换1级','transform_level','转换级别',20,'0','1','2013-10-28 08:00:00','1','2013-10-28 08:00:00',NULL,'0'),('102','3','模糊转换2级','transform_level','转换级别',30,'0','1','2013-10-28 08:00:00','1','2013-10-28 08:00:00',NULL,'0'),('103','1','正常','component_type','配方成分类型',10,'0','1','2013-10-28 08:00:00','1','2013-10-28 08:00:00',NULL,'0'),('104','2','禁用','component_type','配方成分类型',20,'0','1','2013-10-28 08:00:00','1','2013-10-28 08:00:00',NULL,'0'),('105','3','限用','component_type','配方成分类型',30,'0','1','2013-10-28 08:00:00','1','2013-10-28 08:00:00',NULL,'0'),('106','1','符合标准','actual_component_content_status','对于限用成分的实际成份含量状态',10,'0','1','2013-10-28 08:00:00','1','2013-10-28 08:00:00',NULL,'0'),('107','2','不符合标准','actual_component_content_status','对于限用成分的实际成份含量状态',20,'0','1','2013-10-28 08:00:00','1','2013-10-28 08:00:00',NULL,'0'),('108','1','是','plant_component','是否是植物成分',10,'0','1','2013-10-28 08:00:00','1','2013-10-28 08:00:00',NULL,'0'),('109','2','不是','plant_component','是否是植物成分',20,'0','1','2013-10-28 08:00:00','1','2013-10-28 08:00:00',NULL,'0'),('11','orange','橙色','color','颜色值',50,'0','1','2013-05-27 08:00:00','1','2013-05-27 08:00:00',NULL,'0'),('110','0','正常','name_or_inic_status','标准中文名称或INCI名的状态',10,'0','1','2013-10-28 08:00:00','1','2013-10-28 08:00:00',NULL,'0'),('111','1','标准中文名称和INCI名不一致','name_or_inic_status','标准中文名称或INCI名的状态',20,'0','1','2013-10-28 08:00:00','1','2013-10-28 08:00:00',NULL,'0'),('112','2','标准中文名称未出现','name_or_inic_status','标准中文名称或INCI名的状态',30,'0','1','2013-10-28 08:00:00','1','2013-10-28 08:00:00',NULL,'0'),('113','3','INCI名未出现','name_or_inic_status','标准中文名称或INCI名的状态',40,'0','1','2013-10-28 08:00:00','1','2013-10-28 08:00:00',NULL,'0'),('114','4','标准中文名称和INCI名都未出现','name_or_inic_status','标准中文名称或INCI名的状态',50,'0','1','2013-10-28 08:00:00','1','2013-10-28 08:00:00',NULL,'0'),('115','1','配方','suggestion_type','意见类别',10,'0','1','2013-10-28 08:00:00','1','2013-10-28 08:00:00',NULL,'0'),('116','2','工艺','suggestion_type','意见类别',20,'0','1','2013-10-28 08:00:00','1','2013-10-28 08:00:00',NULL,'0'),('117','3','检验','suggestion_type','意见类别',30,'0','1','2013-10-28 08:00:00','1','2013-10-28 08:00:00',NULL,'0'),('118','4','名称/标签','suggestion_type','意见类别',40,'0','1','2013-10-28 08:00:00','1','2013-10-28 08:00:00',NULL,'0'),('119','5','风险评估','suggestion_type','意见类别',50,'0','1','2013-10-28 08:00:00','1','2013-10-28 08:00:00',NULL,'0'),('12','default','默认主题','theme','主题方案',10,'0','1','2013-05-27 08:00:00','1','2013-05-27 08:00:00',NULL,'0'),('120','6','质量安全控制/技术要求','suggestion_type','意见类别',60,'0','1','2013-10-28 08:00:00','1','2013-10-28 08:00:00',NULL,'0'),('121','7','其他','suggestion_type','意见类别',70,'0','1','2013-10-28 08:00:00','1','2013-10-28 08:00:00',NULL,'0'),('122','1','初审','product_status','产品状态',10,'0','1','2013-10-28 08:00:00','1','2013-10-28 08:00:00',NULL,'0'),('123','2','送检','product_status','产品状态',20,'0','1','2013-10-28 08:00:00','1','2013-10-28 08:00:00',NULL,'0'),('124','3','申报','product_status','产品状态',30,'0','1','2013-10-28 08:00:00','1','2013-10-28 08:00:00',NULL,'0'),('125','4','完善资料','product_status','产品状态',40,'0','1','2013-10-28 08:00:00','1','2013-10-28 08:00:00',NULL,'0'),('126','5','取得批件','product_status','产品状态',50,'0','1','2013-10-28 08:00:00','1','2013-10-28 08:00:00',NULL,'0'),('127','6','不予批准','product_status','产品状态',60,'0','1','2013-10-28 08:00:00','1','2013-10-28 08:00:00',NULL,'0'),('128','7','终止申报','product_status','产品状态',70,'0','1','2013-10-28 08:00:00','1','2013-10-28 08:00:00',NULL,'0'),('129','1','非特','product_type','产品类别',10,'0','1','2013-10-28 08:00:00','1','2013-10-28 08:00:00',NULL,'0'),('13','cerulean','天蓝主题','theme','主题方案',20,'0','1','2013-05-27 08:00:00','1','2013-05-27 08:00:00',NULL,'0'),('130','2','特殊','product_type','产品类别',20,'0','1','2013-10-28 08:00:00','1','2013-10-28 08:00:00',NULL,'0'),('131','3','延续','product_type','产品类别',30,'0','1','2013-10-28 08:00:00','1','2013-10-28 08:00:00',NULL,'0'),('132','4','变更','product_type','产品类别',40,'0','1','2013-10-28 08:00:00','1','2013-10-28 08:00:00',NULL,'0'),('133','5','其他','product_type','产品类别',50,'0','1','2013-10-28 08:00:00','1','2013-10-28 08:00:00',NULL,'0'),('134','1','通过审批','product_status_remark','产品状态备注',10,'0','1','2013-10-28 08:00:00','1','2013-10-28 08:00:00',NULL,'0'),('135','2','不与批准','product_status_remark','产品状态备注',20,'0','1','2013-10-28 08:00:00','1','2013-10-28 08:00:00',NULL,'0'),('136','3','终止申报','product_status_remark','产品状态备注',30,'0','1','2013-10-28 08:00:00','1','2013-10-28 08:00:00',NULL,'0'),('137','1','法规','file_type','政策法规件分类',10,'0','1','2013-10-28 08:00:00','1','2013-10-28 08:00:00',NULL,'0'),('138','2','标准','file_type','政策法规件分类',20,'0','1','2013-10-28 08:00:00','1','2013-10-28 08:00:00',NULL,'0'),('139','3','技术资料','file_type','政策法规件分类',30,'0','1','2013-10-28 08:00:00','1','2013-10-28 08:00:00',NULL,'0'),('14','readable','橙色主题','theme','主题方案',30,'0','1','2013-05-27 08:00:00','1','2013-05-27 08:00:00',NULL,'0'),('140','1','现行','file_timeliness','政策法规文件时效性',10,'0','1','2013-10-28 08:00:00','1','2013-10-28 08:00:00',NULL,'0'),('141','2','征求意见','file_timeliness','政策法规文件时效性',20,'0','1','2013-10-28 08:00:00','1','2013-10-28 08:00:00',NULL,'0'),('142','3','历史文件','file_timeliness','政策法规文件时效性',30,'0','1','2013-10-28 08:00:00','1','2013-10-28 08:00:00',NULL,'0'),('15','united','红色主题','theme','主题方案',40,'0','1','2013-05-27 08:00:00','1','2013-05-27 08:00:00',NULL,'0'),('16','flat','Flat主题','theme','主题方案',60,'0','1','2013-05-27 08:00:00','1','2013-05-27 08:00:00',NULL,'0'),('17','1','国家','sys_area_type','区域类型',10,'0','1','2013-05-27 08:00:00','1','2013-05-27 08:00:00',NULL,'0'),('18','2','省份、直辖市','sys_area_type','区域类型',20,'0','1','2013-05-27 08:00:00','1','2013-05-27 08:00:00',NULL,'0'),('19','3','地市','sys_area_type','区域类型',30,'0','1','2013-05-27 08:00:00','1','2013-05-27 08:00:00',NULL,'0'),('2','1','删除','del_flag','删除标记',20,'0','1','2013-05-27 08:00:00','1','2013-05-27 08:00:00',NULL,'0'),('20','4','区县','sys_area_type','区域类型',40,'0','1','2013-05-27 08:00:00','1','2013-05-27 08:00:00',NULL,'0'),('21','1','公司','sys_office_type','机构类型',60,'0','1','2013-05-27 08:00:00','1','2013-05-27 08:00:00',NULL,'0'),('22','2','部门','sys_office_type','机构类型',70,'0','1','2013-05-27 08:00:00','1','2013-05-27 08:00:00',NULL,'0'),('23','3','小组','sys_office_type','机构类型',80,'0','1','2013-05-27 08:00:00','1','2013-05-27 08:00:00',NULL,'0'),('24','4','其它','sys_office_type','机构类型',90,'0','1','2013-05-27 08:00:00','1','2013-05-27 08:00:00',NULL,'0'),('25','1','综合部','sys_office_common','快捷通用部门',30,'0','1','2013-05-27 08:00:00','1','2013-05-27 08:00:00',NULL,'0'),('26','2','开发部','sys_office_common','快捷通用部门',40,'0','1','2013-05-27 08:00:00','1','2013-05-27 08:00:00',NULL,'0'),('27','3','人力部','sys_office_common','快捷通用部门',50,'0','1','2013-05-27 08:00:00','1','2013-05-27 08:00:00',NULL,'0'),('28','1','一级','sys_office_grade','机构等级',10,'0','1','2013-05-27 08:00:00','1','2013-05-27 08:00:00',NULL,'0'),('29','2','二级','sys_office_grade','机构等级',20,'0','1','2013-05-27 08:00:00','1','2013-05-27 08:00:00',NULL,'0'),('3','1','显示','show_hide','显示/隐藏',10,'0','1','2013-05-27 08:00:00','1','2013-05-27 08:00:00',NULL,'0'),('30','3','三级','sys_office_grade','机构等级',30,'0','1','2013-05-27 08:00:00','1','2013-05-27 08:00:00',NULL,'0'),('31','4','四级','sys_office_grade','机构等级',40,'0','1','2013-05-27 08:00:00','1','2013-05-27 08:00:00',NULL,'0'),('32','1','所有数据','sys_data_scope','数据范围',10,'0','1','2013-05-27 08:00:00','1','2013-05-27 08:00:00',NULL,'0'),('33','2','所在公司及以下数据','sys_data_scope','数据范围',20,'0','1','2013-05-27 08:00:00','1','2013-05-27 08:00:00',NULL,'0'),('34','3','所在公司数据','sys_data_scope','数据范围',30,'0','1','2013-05-27 08:00:00','1','2013-05-27 08:00:00',NULL,'0'),('35','4','所在部门及以下数据','sys_data_scope','数据范围',40,'0','1','2013-05-27 08:00:00','1','2013-05-27 08:00:00',NULL,'0'),('36','5','所在部门数据','sys_data_scope','数据范围',50,'0','1','2013-05-27 08:00:00','1','2013-05-27 08:00:00',NULL,'0'),('37','8','仅本人数据','sys_data_scope','数据范围',90,'0','1','2013-05-27 08:00:00','1','2013-05-27 08:00:00',NULL,'0'),('38','9','按明细设置','sys_data_scope','数据范围',100,'0','1','2013-05-27 08:00:00','1','2013-05-27 08:00:00',NULL,'0'),('39','1','系统管理','sys_user_type','用户类型',10,'0','1','2013-05-27 08:00:00','1','2013-05-27 08:00:00',NULL,'0'),('4','0','隐藏','show_hide','显示/隐藏',20,'0','1','2013-05-27 08:00:00','1','2013-05-27 08:00:00',NULL,'0'),('40','2','部门经理','sys_user_type','用户类型',20,'0','1','2013-05-27 08:00:00','1','2013-05-27 08:00:00',NULL,'0'),('41','3','普通用户','sys_user_type','用户类型',30,'0','1','2013-05-27 08:00:00','1','2013-05-27 08:00:00',NULL,'0'),('42','basic','基础主题','cms_theme','站点主题',10,'0','1','2013-05-27 08:00:00','1','2013-05-27 08:00:00',NULL,'0'),('43','blue','蓝色主题','cms_theme','站点主题',20,'0','1','2013-05-27 08:00:00','1','2013-05-27 08:00:00',NULL,'1'),('44','red','红色主题','cms_theme','站点主题',30,'0','1','2013-05-27 08:00:00','1','2013-05-27 08:00:00',NULL,'1'),('45','article','文章模型','cms_module','栏目模型',10,'0','1','2013-05-27 08:00:00','1','2013-05-27 08:00:00',NULL,'0'),('46','picture','图片模型','cms_module','栏目模型',20,'0','1','2013-05-27 08:00:00','1','2013-05-27 08:00:00',NULL,'1'),('47','download','下载模型','cms_module','栏目模型',30,'0','1','2013-05-27 08:00:00','1','2013-05-27 08:00:00',NULL,'1'),('48','link','链接模型','cms_module','栏目模型',40,'0','1','2013-05-27 08:00:00','1','2013-05-27 08:00:00',NULL,'0'),('49','special','专题模型','cms_module','栏目模型',50,'0','1','2013-05-27 08:00:00','1','2013-05-27 08:00:00',NULL,'1'),('5','1','是','yes_no','是/否',10,'0','1','2013-05-27 08:00:00','1','2013-05-27 08:00:00',NULL,'0'),('50','0','默认展现方式','cms_show_modes','展现方式',10,'0','1','2013-05-27 08:00:00','1','2013-05-27 08:00:00',NULL,'0'),('51','1','首栏目内容列表','cms_show_modes','展现方式',20,'0','1','2013-05-27 08:00:00','1','2013-05-27 08:00:00',NULL,'0'),('52','2','栏目第一条内容','cms_show_modes','展现方式',30,'0','1','2013-05-27 08:00:00','1','2013-05-27 08:00:00',NULL,'0'),('53','0','发布','cms_del_flag','内容状态',10,'0','1','2013-05-27 08:00:00','1','2013-05-27 08:00:00',NULL,'0'),('54','1','删除','cms_del_flag','内容状态',20,'0','1','2013-05-27 08:00:00','1','2013-05-27 08:00:00',NULL,'0'),('55','2','审核','cms_del_flag','内容状态',15,'0','1','2013-05-27 08:00:00','1','2013-05-27 08:00:00',NULL,'0'),('56','1','首页焦点图','cms_posid','推荐位',10,'0','1','2013-05-27 08:00:00','1','2013-05-27 08:00:00',NULL,'0'),('57','2','栏目页文章推荐','cms_posid','推荐位',20,'0','1','2013-05-27 08:00:00','1','2013-05-27 08:00:00',NULL,'0'),('58','1','咨询','cms_guestbook','留言板分类',10,'0','1','2013-05-27 08:00:00','1','2013-05-27 08:00:00',NULL,'0'),('59','2','建议','cms_guestbook','留言板分类',20,'0','1','2013-05-27 08:00:00','1','2013-05-27 08:00:00',NULL,'0'),('6','0','否','yes_no','是/否',20,'0','1','2013-05-27 08:00:00','1','2013-05-27 08:00:00',NULL,'0'),('60','3','投诉','cms_guestbook','留言板分类',30,'0','1','2013-05-27 08:00:00','1','2013-05-27 08:00:00',NULL,'0'),('61','4','其它','cms_guestbook','留言板分类',40,'0','1','2013-05-27 08:00:00','1','2013-05-27 08:00:00',NULL,'0'),('62','1','接入日志','sys_log_type','日志类型',30,'0','1','2013-06-03 08:00:00','1','2013-06-03 08:00:00',NULL,'0'),('63','2','异常日志','sys_log_type','日志类型',40,'0','1','2013-06-03 08:00:00','1','2013-06-03 08:00:00',NULL,'0'),('64','leave','请假流程','act_type','流程类型',10,'0','1','2013-06-03 08:00:00','1','2013-06-03 08:00:00',NULL,'1'),('65','test_audit','审批测试流程','act_type','流程类型',20,'0','1','2013-06-03 08:00:00','1','2013-06-03 08:00:00',NULL,'1'),('66','1','分类1','act_category','流程分类',10,'0','1','2013-06-03 08:00:00','1','2013-06-03 08:00:00',NULL,'1'),('67','2','分类2','act_category','流程分类',20,'0','1','2013-06-03 08:00:00','1','2013-06-03 08:00:00',NULL,'1'),('68','crud','增删改查','gen_category','代码生成分类',10,'0','1','2013-10-28 08:00:00','1','2013-10-28 08:00:00',NULL,'1'),('69','crud_many','增删改查（包含从表）','gen_category','代码生成分类',20,'0','1','2013-10-28 08:00:00','1','2013-10-28 08:00:00',NULL,'1'),('7','red','红色','color','颜色值',10,'0','1','2013-05-27 08:00:00','1','2013-05-27 08:00:00',NULL,'0'),('70','tree','树结构','gen_category','代码生成分类',30,'0','1','2013-10-28 08:00:00','1','2013-10-28 08:00:00',NULL,'1'),('71','=','=','gen_query_type','查询方式',10,'0','1','2013-10-28 08:00:00','1','2013-10-28 08:00:00',NULL,'1'),('72','!=','!=','gen_query_type','查询方式',20,'0','1','2013-10-28 08:00:00','1','2013-10-28 08:00:00',NULL,'1'),('73','&gt;','&gt;','gen_query_type','查询方式',30,'0','1','2013-10-28 08:00:00','1','2013-10-28 08:00:00',NULL,'1'),('74','&lt;','&lt;','gen_query_type','查询方式',40,'0','1','2013-10-28 08:00:00','1','2013-10-28 08:00:00',NULL,'1'),('75','between','Between','gen_query_type','查询方式',50,'0','1','2013-10-28 08:00:00','1','2013-10-28 08:00:00',NULL,'1'),('76','like','Like','gen_query_type','查询方式',60,'0','1','2013-10-28 08:00:00','1','2013-10-28 08:00:00',NULL,'1'),('77','left_like','Left Like','gen_query_type','查询方式',70,'0','1','2013-10-28 08:00:00','1','2013-10-28 08:00:00',NULL,'1'),('78','right_like','Right Like','gen_query_type','查询方式',80,'0','1','2013-10-28 08:00:00','1','2013-10-28 08:00:00',NULL,'1'),('79','input','文本框','gen_show_type','字段生成方案',10,'0','1','2013-10-28 08:00:00','1','2013-10-28 08:00:00',NULL,'1'),('8','green','绿色','color','颜色值',20,'0','1','2013-05-27 08:00:00','1','2013-05-27 08:00:00',NULL,'0'),('80','textarea','文本域','gen_show_type','字段生成方案',20,'0','1','2013-10-28 08:00:00','1','2013-10-28 08:00:00',NULL,'1'),('81','select','下拉框','gen_show_type','字段生成方案',30,'0','1','2013-10-28 08:00:00','1','2013-10-28 08:00:00',NULL,'1'),('82','checkbox','复选框','gen_show_type','字段生成方案',40,'0','1','2013-10-28 08:00:00','1','2013-10-28 08:00:00',NULL,'1'),('83','radiobox','单选框','gen_show_type','字段生成方案',50,'0','1','2013-10-28 08:00:00','1','2013-10-28 08:00:00',NULL,'1'),('84','dateselect','日期选择','gen_show_type','字段生成方案',60,'0','1','2013-10-28 08:00:00','1','2013-10-28 08:00:00',NULL,'1'),('85','userselect','人员选择\0','gen_show_type','字段生成方案',70,'0','1','2013-10-28 08:00:00','1','2013-10-28 08:00:00',NULL,'1'),('86','officeselect','部门选择','gen_show_type','字段生成方案',80,'0','1','2013-10-28 08:00:00','1','2013-10-28 08:00:00',NULL,'1'),('87','areaselect','区域选择','gen_show_type','字段生成方案',90,'0','1','2013-10-28 08:00:00','1','2013-10-28 08:00:00',NULL,'1'),('88','String','String','gen_java_type','Java类型',10,'0','1','2013-10-28 08:00:00','1','2013-10-28 08:00:00',NULL,'1'),('89','Long','Long','gen_java_type','Java类型',20,'0','1','2013-10-28 08:00:00','1','2013-10-28 08:00:00',NULL,'1'),('9','blue','蓝色','color','颜色值',30,'0','1','2013-05-27 08:00:00','1','2013-05-27 08:00:00',NULL,'0'),('90','dao','仅持久层','gen_category','代码生成分类\0\0\0\0\0\0',40,'0','1','2013-10-28 08:00:00','1','2013-10-28 08:00:00',NULL,'1'),('91','1','男','sex','性别',10,'0','1','2013-10-28 08:00:00','1','2013-10-28 08:00:00',NULL,'0'),('92','2','女','sex','性别',20,'0','1','2013-10-28 08:00:00','1','2013-10-28 08:00:00',NULL,'0'),('93','Integer','Integer','gen_java_type','Java类型\0\0',30,'0','1','2013-10-28 08:00:00','1','2013-10-28 08:00:00',NULL,'1'),('94','Double','Double','gen_java_type','Java类型\0\0',40,'0','1','2013-10-28 08:00:00','1','2013-10-28 08:00:00',NULL,'1'),('95','java.util.Date','Date','gen_java_type','Java类型\0\0',50,'0','1','2013-10-28 08:00:00','1','2013-10-28 08:00:00',NULL,'1'),('96','com.thinkgem.jeesite.modules.sys.entity.User','User','gen_java_type','Java类型\0\0',60,'0','1','2013-10-28 08:00:00','1','2013-10-28 08:00:00',NULL,'1'),('97','com.thinkgem.jeesite.modules.sys.entity.Office','Office','gen_java_type','Java类型\0\0',70,'0','1','2013-10-28 08:00:00','1','2013-10-28 08:00:00',NULL,'1'),('98','com.thinkgem.jeesite.modules.sys.entity.Area','Area','gen_java_type','Java类型\0\0',80,'0','1','2013-10-28 08:00:00','1','2013-10-28 08:00:00',NULL,'1'),('99','Custom','Custom','gen_java_type','Java类型\0\0',90,'0','1','2013-10-28 08:00:00','1','2013-10-28 08:00:00',NULL,'1');
/*!40000 ALTER TABLE `sys_dict` ENABLE KEYS */;
UNLOCK TABLES;

--
-- Table structure for table `sys_log`
--

DROP TABLE IF EXISTS `sys_log`;
/*!40101 SET @saved_cs_client     = @@character_set_client */;
/*!40101 SET character_set_client = utf8 */;
CREATE TABLE `sys_log` (
  `id` varchar(64) NOT NULL COMMENT '编号',
  `type` char(1) DEFAULT '1' COMMENT '日志类型',
  `title` varchar(255) DEFAULT '' COMMENT '日志标题',
  `create_by` varchar(64) DEFAULT NULL COMMENT '创建者',
  `create_date` datetime DEFAULT NULL COMMENT '创建时间',
  `remote_addr` varchar(255) DEFAULT NULL COMMENT '操作IP地址',
  `user_agent` varchar(255) DEFAULT NULL COMMENT '用户代理',
  `request_uri` varchar(255) DEFAULT NULL COMMENT '请求URI',
  `method` varchar(5) DEFAULT NULL COMMENT '操作方式',
  `params` text COMMENT '操作提交的数据',
  `exception` text COMMENT '异常信息',
  PRIMARY KEY (`id`),
  KEY `sys_log_create_by` (`create_by`),
  KEY `sys_log_request_uri` (`request_uri`),
  KEY `sys_log_type` (`type`),
  KEY `sys_log_create_date` (`create_date`)
) ENGINE=InnoDB DEFAULT CHARSET=utf8 COMMENT='日志表';
/*!40101 SET character_set_client = @saved_cs_client */;

--
-- Dumping data for table `sys_log`
--

LOCK TABLES `sys_log` WRITE;
/*!40000 ALTER TABLE `sys_log` DISABLE KEYS */;
INSERT INTO `sys_log` VALUES ('01ed410b1a8d4187b41461623a512f71','1','信息管理-产品数据-产品概况','1','2017-04-13 23:15:03','0:0:0:0:0:0:0:1','Mozilla/5.0 (Macintosh; Intel Mac OS X 10_12_3) AppleWebKit/537.36 (KHTML, like Gecko) Chrome/57.0.2987.133 Safari/537.36','/a/mms/product','GET','',''),('0561fd4b437d4ac49e10a1bf7129d039','1','信息管理-配方和原料-原料使用数据库','1','2017-04-13 23:15:35','0:0:0:0:0:0:0:1','Mozilla/5.0 (Macintosh; Intel Mac OS X 10_12_3) AppleWebKit/537.36 (KHTML, like Gecko) Chrome/57.0.2987.133 Safari/537.36','/a/mms/materialUsedDatabase','GET','',''),('073b53e7c1bd478d84f339257808cba0','1','信息管理-配方和原料-配方禁用物质','1','2017-04-13 23:17:54','0:0:0:0:0:0:0:1','Mozilla/5.0 (Macintosh; Intel Mac OS X 10_12_3) AppleWebKit/537.36 (KHTML, like Gecko) Chrome/57.0.2987.133 Safari/537.36','/a/mms/forbiddenComponent','GET','',''),('0c7dfd3b54124df391f1a3ffe3cfb91d','1','信息管理-配方和原料-配方分析','1','2017-04-13 22:54:10','0:0:0:0:0:0:0:1','Mozilla/5.0 (Macintosh; Intel Mac OS X 10_12_3) AppleWebKit/537.36 (KHTML, like Gecko) Chrome/57.0.2987.133 Safari/537.36','/a/mms/formula','GET','',''),('1818de81ff88477982c4f2c1de9038fd','1','信息管理-配方和原料-配方分析','1','2017-04-13 23:15:14','0:0:0:0:0:0:0:1','Mozilla/5.0 (Macintosh; Intel Mac OS X 10_12_3) AppleWebKit/537.36 (KHTML, like Gecko) Chrome/57.0.2987.133 Safari/537.36','/a/mms/formula','GET','',''),('186cb5250de64888830d16f1b16e3200','1','信息管理-配方和原料-配方分析','1','2017-04-13 22:54:13','0:0:0:0:0:0:0:1','Mozilla/5.0 (Macintosh; Intel Mac OS X 10_12_3) AppleWebKit/537.36 (KHTML, like Gecko) Chrome/57.0.2987.133 Safari/537.36','/a/mms/formula','GET','',''),('1c0f1443cefb420ca6486d51b8abb4da','1','信息管理-配方和原料-配方限用物质','1','2017-04-13 22:54:05','0:0:0:0:0:0:0:1','Mozilla/5.0 (Macintosh; Intel Mac OS X 10_12_3) AppleWebKit/537.36 (KHTML, like Gecko) Chrome/57.0.2987.133 Safari/537.36','/a/mms/limitedComponent','GET','',''),('238a5831144145bf92892778f4e296f2','1','信息管理-配方和原料-配方详细信息','1','2017-04-13 23:17:47','0:0:0:0:0:0:0:1','Mozilla/5.0 (Macintosh; Intel Mac OS X 10_12_3) AppleWebKit/537.36 (KHTML, like Gecko) Chrome/57.0.2987.133 Safari/537.36','/a/mms/formulaDetails','GET','',''),('23a901b639e24a9db9bbc0b7a5a78ad9','1','信息管理-配方和原料-配方详细信息','1','2017-04-13 23:15:37','0:0:0:0:0:0:0:1','Mozilla/5.0 (Macintosh; Intel Mac OS X 10_12_3) AppleWebKit/537.36 (KHTML, like Gecko) Chrome/57.0.2987.133 Safari/537.36','/a/mms/formulaDetails','GET','',''),('2b897a13033e401598be26e59b8f9cea','1','信息管理-配方和原料-配方分析','1','2017-04-13 22:52:54','0:0:0:0:0:0:0:1','Mozilla/5.0 (Macintosh; Intel Mac OS X 10_12_3) AppleWebKit/537.36 (KHTML, like Gecko) Chrome/57.0.2987.133 Safari/537.36','/a/mms/formula','GET','',''),('3b5ab12113944337859df7fb047beb6e','1','信息管理-配方和原料-配方分析','1','2017-04-13 23:17:58','0:0:0:0:0:0:0:1','Mozilla/5.0 (Macintosh; Intel Mac OS X 10_12_3) AppleWebKit/537.36 (KHTML, like Gecko) Chrome/57.0.2987.133 Safari/537.36','/a/mms/formula','GET','',''),('43e1b3221127458dacae88c90cad26fe','1','信息管理-配方和原料-查看','1','2017-04-13 23:15:58','0:0:0:0:0:0:0:1','Mozilla/5.0 (Macintosh; Intel Mac OS X 10_12_3) AppleWebKit/537.36 (KHTML, like Gecko) Chrome/57.0.2987.133 Safari/537.36','/a/mms/formulaDetails/form','GET','id=7cd75faf635f4aa3836a59f5379e9053',''),('44c0bc913cfa46dfbfb2ced5a6899113','1','信息管理-配方和原料-风险评估数据库','1','2017-04-13 22:54:00','0:0:0:0:0:0:0:1','Mozilla/5.0 (Macintosh; Intel Mac OS X 10_12_3) AppleWebKit/537.36 (KHTML, like Gecko) Chrome/57.0.2987.133 Safari/537.36','/a/mms/nameToRiskMaterial','GET','',''),('7505d6bfadba46378472b43a88438222','1','信息管理-配方和原料-原料使用数据库','1','2017-04-13 22:54:11','0:0:0:0:0:0:0:1','Mozilla/5.0 (Macintosh; Intel Mac OS X 10_12_3) AppleWebKit/537.36 (KHTML, like Gecko) Chrome/57.0.2987.133 Safari/537.36','/a/mms/materialUsedDatabase','GET','',''),('78893be03a9e4fcc836ab1cdafcbc402','1','信息管理-配方和原料-配方分析-查看','1','2017-04-13 22:53:04','0:0:0:0:0:0:0:1','Mozilla/5.0 (Macintosh; Intel Mac OS X 10_12_3) AppleWebKit/537.36 (KHTML, like Gecko) Chrome/57.0.2987.133 Safari/537.36','/a/mms/formula/','GET','repage=',''),('7d26657789ba4a10bee8961d73c8a8ff','1','信息管理-配方和原料-配方分析','1','2017-04-13 22:57:18','0:0:0:0:0:0:0:1','Mozilla/5.0 (Macintosh; Intel Mac OS X 10_12_3) AppleWebKit/537.36 (KHTML, like Gecko) Chrome/57.0.2987.133 Safari/537.36','/a/mms/formula','GET','',''),('7eb165639d18499baa7999066c74f30f','1','信息管理-配方和原料-原料使用数据库','1','2017-04-13 22:53:56','0:0:0:0:0:0:0:1','Mozilla/5.0 (Macintosh; Intel Mac OS X 10_12_3) AppleWebKit/537.36 (KHTML, like Gecko) Chrome/57.0.2987.133 Safari/537.36','/a/mms/materialUsedDatabase','GET','',''),('8af462ee0e3a4631ac3dfb5d4b3872f2','1','信息管理-配方和原料-配方分析-查看','1','2017-04-13 23:15:17','0:0:0:0:0:0:0:1','Mozilla/5.0 (Macintosh; Intel Mac OS X 10_12_3) AppleWebKit/537.36 (KHTML, like Gecko) Chrome/57.0.2987.133 Safari/537.36','/a/mms/formula/','GET','repage=',''),('8ef2d1c372644b2497dd532f3684aa1d','1','信息管理-配方和原料-配方分析','1','2017-04-13 22:56:48','0:0:0:0:0:0:0:1','Mozilla/5.0 (Macintosh; Intel Mac OS X 10_12_3) AppleWebKit/537.36 (KHTML, like Gecko) Chrome/57.0.2987.133 Safari/537.36','/a/mms/formula','GET','',''),('993ccc664f0649c7b9552f7aca66cb66','1','信息管理-配方和原料-配方详细信息','1','2017-04-13 22:54:06','0:0:0:0:0:0:0:1','Mozilla/5.0 (Macintosh; Intel Mac OS X 10_12_3) AppleWebKit/537.36 (KHTML, like Gecko) Chrome/57.0.2987.133 Safari/537.36','/a/mms/formulaDetails','GET','',''),('9abb7209adff463f9536ed5b733dfcb3','1','信息管理-配方和原料-原料使用数据库','1','2017-04-13 23:17:58','0:0:0:0:0:0:0:1','Mozilla/5.0 (Macintosh; Intel Mac OS X 10_12_3) AppleWebKit/537.36 (KHTML, like Gecko) Chrome/57.0.2987.133 Safari/537.36','/a/mms/materialUsedDatabase','GET','',''),('a52af60c49fd440cbc32b67e26a60710','1','信息管理-配方和原料-配方限用物质','1','2017-04-13 23:18:00','0:0:0:0:0:0:0:1','Mozilla/5.0 (Macintosh; Intel Mac OS X 10_12_3) AppleWebKit/537.36 (KHTML, like Gecko) Chrome/57.0.2987.133 Safari/537.36','/a/mms/limitedComponent','GET','',''),('b1ba6aa3226e497c8dbd208bc3ca0230','1','信息管理-配方和原料-配方分析','1','2017-04-13 22:53:56','0:0:0:0:0:0:0:1','Mozilla/5.0 (Macintosh; Intel Mac OS X 10_12_3) AppleWebKit/537.36 (KHTML, like Gecko) Chrome/57.0.2987.133 Safari/537.36','/a/mms/formula','GET','',''),('b3f2addb9d4a430f80e326eee4d4b557','1','信息管理-配方和原料-配方详细信息','1','2017-04-13 23:16:02','0:0:0:0:0:0:0:1','Mozilla/5.0 (Macintosh; Intel Mac OS X 10_12_3) AppleWebKit/537.36 (KHTML, like Gecko) Chrome/57.0.2987.133 Safari/537.36','/a/mms/formulaDetails','GET','',''),('c9344460eb3347c3942ec7adc915e723','1','信息管理-配方和原料-配方限用物质','1','2017-04-13 23:17:55','0:0:0:0:0:0:0:1','Mozilla/5.0 (Macintosh; Intel Mac OS X 10_12_3) AppleWebKit/537.36 (KHTML, like Gecko) Chrome/57.0.2987.133 Safari/537.36','/a/mms/limitedComponent','GET','',''),('d31d9daa430c4d3a825e5c1210b55fc6','1','信息管理-配方和原料-已使用原料','1','2017-04-13 22:54:02','0:0:0:0:0:0:0:1','Mozilla/5.0 (Macintosh; Intel Mac OS X 10_12_3) AppleWebKit/537.36 (KHTML, like Gecko) Chrome/57.0.2987.133 Safari/537.36','/a/mms/rawMaterialList','GET','',''),('d3e1d827949f4babbb9ac662ed0190c9','1','信息管理-配方和原料-配方详细信息','1','2017-04-13 23:18:00','0:0:0:0:0:0:0:1','Mozilla/5.0 (Macintosh; Intel Mac OS X 10_12_3) AppleWebKit/537.36 (KHTML, like Gecko) Chrome/57.0.2987.133 Safari/537.36','/a/mms/formulaDetails','GET','',''),('d7bfee43878649ec8e7be2b96ad0ec2c','1','信息管理-配方和原料-原料使用数据库','1','2017-04-13 23:15:13','0:0:0:0:0:0:0:1','Mozilla/5.0 (Macintosh; Intel Mac OS X 10_12_3) AppleWebKit/537.36 (KHTML, like Gecko) Chrome/57.0.2987.133 Safari/537.36','/a/mms/materialUsedDatabase','GET','',''),('db4d0ce798d14477b39d20da2c84e892','1','信息管理-配方和原料-inci名与标准中文名相互转换','1','2017-04-13 22:54:09','0:0:0:0:0:0:0:1','Mozilla/5.0 (Macintosh; Intel Mac OS X 10_12_3) AppleWebKit/537.36 (KHTML, like Gecko) Chrome/57.0.2987.133 Safari/537.36','/a/mms/incinameConvertChinesename','GET','',''),('dc82d4d315004a159bce86460fbe68d6','1','信息管理-配方和原料-配方禁用物质','1','2017-04-13 22:54:03','0:0:0:0:0:0:0:1','Mozilla/5.0 (Macintosh; Intel Mac OS X 10_12_3) AppleWebKit/537.36 (KHTML, like Gecko) Chrome/57.0.2987.133 Safari/537.36','/a/mms/forbiddenComponent','GET','',''),('e6f3d9fe6e754fe596aa07c6e6bcb325','1','信息管理-配方和原料-配方禁用物质','1','2017-04-13 23:17:56','0:0:0:0:0:0:0:1','Mozilla/5.0 (Macintosh; Intel Mac OS X 10_12_3) AppleWebKit/537.36 (KHTML, like Gecko) Chrome/57.0.2987.133 Safari/537.36','/a/mms/forbiddenComponent','GET','',''),('f96e56cbf488446fb01fbaebcba2c3e5','1','信息管理-配方和原料-已使用原料','1','2017-04-13 23:17:57','0:0:0:0:0:0:0:1','Mozilla/5.0 (Macintosh; Intel Mac OS X 10_12_3) AppleWebKit/537.36 (KHTML, like Gecko) Chrome/57.0.2987.133 Safari/537.36','/a/mms/rawMaterialList','GET','','');
/*!40000 ALTER TABLE `sys_log` ENABLE KEYS */;
UNLOCK TABLES;

--
-- Table structure for table `sys_mdict`
--

DROP TABLE IF EXISTS `sys_mdict`;
/*!40101 SET @saved_cs_client     = @@character_set_client */;
/*!40101 SET character_set_client = utf8 */;
CREATE TABLE `sys_mdict` (
  `id` varchar(64) NOT NULL COMMENT '编号',
  `parent_id` varchar(64) NOT NULL COMMENT '父级编号',
  `parent_ids` varchar(2000) NOT NULL COMMENT '所有父级编号',
  `name` varchar(100) NOT NULL COMMENT '名称',
  `sort` decimal(10,0) NOT NULL COMMENT '排序',
  `description` varchar(100) DEFAULT NULL COMMENT '描述',
  `create_by` varchar(64) NOT NULL COMMENT '创建者',
  `create_date` datetime NOT NULL COMMENT '创建时间',
  `update_by` varchar(64) NOT NULL COMMENT '更新者',
  `update_date` datetime NOT NULL COMMENT '更新时间',
  `remarks` varchar(255) DEFAULT NULL COMMENT '备注信息',
  `del_flag` char(1) NOT NULL DEFAULT '0' COMMENT '删除标记',
  PRIMARY KEY (`id`),
  KEY `sys_mdict_parent_id` (`parent_id`),
  KEY `sys_mdict_del_flag` (`del_flag`)
) ENGINE=InnoDB DEFAULT CHARSET=utf8 COMMENT='多级字典表';
/*!40101 SET character_set_client = @saved_cs_client */;

--
-- Dumping data for table `sys_mdict`
--

LOCK TABLES `sys_mdict` WRITE;
/*!40000 ALTER TABLE `sys_mdict` DISABLE KEYS */;
/*!40000 ALTER TABLE `sys_mdict` ENABLE KEYS */;
UNLOCK TABLES;

--
-- Table structure for table `sys_menu`
--

DROP TABLE IF EXISTS `sys_menu`;
/*!40101 SET @saved_cs_client     = @@character_set_client */;
/*!40101 SET character_set_client = utf8 */;
CREATE TABLE `sys_menu` (
  `id` varchar(64) NOT NULL COMMENT '编号',
  `parent_id` varchar(64) NOT NULL COMMENT '父级编号',
  `parent_ids` varchar(2000) NOT NULL COMMENT '所有父级编号',
  `name` varchar(100) NOT NULL COMMENT '名称',
  `sort` decimal(10,0) NOT NULL COMMENT '排序',
  `href` varchar(2000) DEFAULT NULL COMMENT '链接',
  `target` varchar(20) DEFAULT NULL COMMENT '目标',
  `icon` varchar(100) DEFAULT NULL COMMENT '图标',
  `is_show` char(1) NOT NULL COMMENT '是否在菜单中显示',
  `permission` varchar(200) DEFAULT NULL COMMENT '权限标识',
  `create_by` varchar(64) NOT NULL COMMENT '创建者',
  `create_date` datetime NOT NULL COMMENT '创建时间',
  `update_by` varchar(64) NOT NULL COMMENT '更新者',
  `update_date` datetime NOT NULL COMMENT '更新时间',
  `remarks` varchar(255) DEFAULT NULL COMMENT '备注信息',
  `del_flag` char(1) NOT NULL DEFAULT '0' COMMENT '删除标记',
  PRIMARY KEY (`id`),
  KEY `sys_menu_parent_id` (`parent_id`),
  KEY `sys_menu_del_flag` (`del_flag`)
) ENGINE=InnoDB DEFAULT CHARSET=utf8 COMMENT='菜单表';
/*!40101 SET character_set_client = @saved_cs_client */;

--
-- Dumping data for table `sys_menu`
--

LOCK TABLES `sys_menu` WRITE;
/*!40000 ALTER TABLE `sys_menu` DISABLE KEYS */;
INSERT INTO `sys_menu` VALUES ('1','0','0,','功能菜单',0,NULL,NULL,NULL,'1',NULL,'1','2013-05-27 08:00:00','1','2013-05-27 08:00:00',NULL,'0'),('10','3','0,1,2,3,','字典管理',60,'/sys/dict/',NULL,'th-list','1',NULL,'1','2013-05-27 08:00:00','1','2013-05-27 08:00:00',NULL,'0'),('100','98','0,1,67,82,98，','修改',20,NULL,NULL,NULL,'0','mms:limitedComponent:edit','1','2013-10-18 08:00:00','1','2013-10-18 08:00:00',NULL,'0'),('101','82','0,1,67,82,','配方详细信息',70,'/mms/formulaDetails',NULL,NULL,'1',NULL,'1','2013-10-18 08:00:00','1','2013-10-18 08:00:00',NULL,'0'),('102','101','0,1,67,82,101，','查看',10,NULL,NULL,NULL,'0','mms:formulaDetails:view','1','2013-10-18 08:00:00','1','2013-10-18 08:00:00',NULL,'0'),('103','101','0,1,67,82,101，','修改',20,NULL,NULL,NULL,'0','mms:formulaDetails:edit','1','2013-10-18 08:00:00','1','2013-10-18 08:00:00',NULL,'0'),('104','67','0,1,67,','资料查询',30,NULL,NULL,NULL,'1',NULL,'1','2013-10-18 08:00:00','1','2013-10-18 08:00:00',NULL,'0'),('105','104','0,1,67,104,','禁用语查询',10,'/mms/forbiddenWords/filterPage',NULL,NULL,'1',NULL,'1','2013-10-18 08:00:00','1','2013-10-18 08:00:00',NULL,'0'),('106','104','0,1,67,104,','禁用语词汇数据库',40,'/mms/forbiddenWords',NULL,NULL,'1',NULL,'1','2013-10-18 08:00:00','1','2013-10-18 08:00:00',NULL,'0'),('107','106','0,1,67,104,106,','查看',10,NULL,NULL,NULL,'0','mms:forbiddenWords:view','1','2013-10-18 08:00:00','1','2013-10-18 08:00:00',NULL,'0'),('108','106','0,1,67,104,106,','修改',20,NULL,NULL,NULL,'0','mms:forbiddenWords:edit','1','2013-10-18 08:00:00','1','2013-10-18 08:00:00',NULL,'0'),('109','104','0,1,67,104,','政策法规查询',20,'/mms/policiesRegulations',NULL,NULL,'1',NULL,'1','2013-10-18 08:00:00','1','2013-10-18 08:00:00',NULL,'0'),('11','10','0,1,2,3,10,','查看',30,NULL,NULL,NULL,'0','sys:dict:view','1','2013-05-27 08:00:00','1','2013-05-27 08:00:00',NULL,'0'),('110','109','0,1,67,104,109,','查看',10,NULL,NULL,NULL,'0','mms:policiesRegulations:view','1','2013-10-18 08:00:00','1','2013-10-18 08:00:00',NULL,'0'),('111','109','0,1,67,104,109,','修改',20,NULL,NULL,NULL,'0','mms:policiesRegulations:edit','1','2013-10-18 08:00:00','1','2013-10-18 08:00:00',NULL,'0'),('112','104','0,1,67,104,','审评意见查询',30,'/mms/assessSuggestion',NULL,NULL,'1',NULL,'1','2013-10-18 08:00:00','1','2013-10-18 08:00:00',NULL,'0'),('113','112','0,1,67,104,112,','查看',10,NULL,NULL,NULL,'0','mms:assessSuggestion:view','1','2013-10-18 08:00:00','1','2013-10-18 08:00:00',NULL,'0'),('114','112','0,1,67,104,112,','修改',20,NULL,NULL,NULL,'0','mms:assessSuggestion:edit','1','2013-10-18 08:00:00','1','2013-10-18 08:00:00',NULL,'0'),('115','67','0,1,67,','数据分类统计',40,NULL,NULL,NULL,'1',NULL,'1','2013-10-18 08:00:00','1','2013-10-18 08:00:00',NULL,'0'),('116','115','0,1,67,115,','产品数据统计信息',10,'/mms/product/selectByProductLeader',NULL,NULL,'1',NULL,'1','2013-10-18 08:00:00','1','2013-10-18 08:00:00',NULL,'0'),('117','67','0,1,67,','表单制作',50,NULL,NULL,NULL,'1',NULL,'1','2013-10-18 08:00:00','1','2013-10-18 08:00:00',NULL,'0'),('118','117','0.1.67.117,','送检导出表单',10,'/mms/product/inspectionExportProductInfo',NULL,NULL,'1',NULL,'1','2013-10-18 08:00:00','1','2013-10-18 08:00:00',NULL,'0'),('119','82','0,1,67,82,','inci名与标准中文名相互转换',80,'/mms/incinameConvertChinesename',NULL,NULL,'1',NULL,'1','2013-10-18 08:00:00','1','2013-10-18 08:00:00',NULL,'0'),('12','10','0,1,2,3,10,','修改',40,NULL,NULL,NULL,'0','sys:dict:edit','1','2013-05-27 08:00:00','1','2013-05-27 08:00:00',NULL,'0'),('120','119','0,1,67,82,119，','查看',10,NULL,NULL,NULL,'0','mms:incinameConvertChinesename:view','1','2013-10-18 08:00:00','1','2013-10-18 08:00:00',NULL,'0'),('121','119','0,1,67,82,119，','修改',20,NULL,NULL,NULL,'0','mms:incinameConvertChinesename:edit','1','2013-10-18 08:00:00','1','2013-10-18 08:00:00',NULL,'0'),('13','2','0,1,2,','机构用户',970,NULL,NULL,NULL,'1',NULL,'1','2013-05-27 08:00:00','1','2013-05-27 08:00:00',NULL,'0'),('14','13','0,1,2,13,','区域管理',50,'/sys/area/',NULL,'th','1',NULL,'1','2013-05-27 08:00:00','1','2013-05-27 08:00:00',NULL,'0'),('15','14','0,1,2,13,14,','查看',30,NULL,NULL,NULL,'0','sys:area:view','1','2013-05-27 08:00:00','1','2013-05-27 08:00:00',NULL,'0'),('16','14','0,1,2,13,14,','修改',40,NULL,NULL,NULL,'0','sys:area:edit','1','2013-05-27 08:00:00','1','2013-05-27 08:00:00',NULL,'0'),('17','13','0,1,2,13,','机构管理',40,'/sys/office/',NULL,'th-large','1',NULL,'1','2013-05-27 08:00:00','1','2013-05-27 08:00:00',NULL,'0'),('18','17','0,1,2,13,17,','查看',30,NULL,NULL,NULL,'0','sys:office:view','1','2013-05-27 08:00:00','1','2013-05-27 08:00:00',NULL,'0'),('19','17','0,1,2,13,17,','修改',40,NULL,NULL,NULL,'0','sys:office:edit','1','2013-05-27 08:00:00','1','2013-05-27 08:00:00',NULL,'0'),('2','1','0,1,','系统设置',900,NULL,NULL,NULL,'1',NULL,'1','2013-05-27 08:00:00','1','2013-05-27 08:00:00',NULL,'0'),('20','13','0,1,2,13,','用户管理',30,'/sys/user/index',NULL,'user','1',NULL,'1','2013-05-27 08:00:00','1','2013-05-27 08:00:00',NULL,'0'),('21','20','0,1,2,13,20,','查看',30,NULL,NULL,NULL,'0','sys:user:view','1','2013-05-27 08:00:00','1','2013-05-27 08:00:00',NULL,'0'),('22','20','0,1,2,13,20,','修改',40,NULL,NULL,NULL,'0','sys:user:edit','1','2013-05-27 08:00:00','1','2013-05-27 08:00:00',NULL,'0'),('23','1','0,1,','我的面板',200,NULL,NULL,NULL,'1',NULL,'1','2013-05-27 08:00:00','1','2013-05-27 08:00:00',NULL,'0'),('24','23','0,1,23,','个人信息',30,NULL,NULL,NULL,'1',NULL,'1','2013-05-27 08:00:00','1','2013-05-27 08:00:00',NULL,'0'),('25','24','0,1,23,24,','个人信息',30,'/sys/user/info',NULL,'user','1',NULL,'1','2013-05-27 08:00:00','1','2013-05-27 08:00:00',NULL,'0'),('26','24','0,1,23,24,','修改密码',40,'/sys/user/modifyPwd',NULL,'lock','1',NULL,'1','2013-05-27 08:00:00','1','2013-05-27 08:00:00',NULL,'0'),('27','1','0,1,','内容管理',500,NULL,NULL,NULL,'1',NULL,'1','2013-05-27 08:00:00','1','2013-05-27 08:00:00',NULL,'1'),('28','27','0,1,27,','栏目设置',990,NULL,NULL,NULL,'1',NULL,'1','2013-05-27 08:00:00','1','2013-05-27 08:00:00',NULL,'1'),('29','28','0,1,27,28','栏目管理',30,'/cms/category/',NULL,'align-justify','1',NULL,'1','2013-05-27 08:00:00','1','2013-05-27 08:00:00',NULL,'1'),('3','2','0,1,2,','系统设置',980,NULL,NULL,NULL,'1',NULL,'1','2013-05-27 08:00:00','1','2013-05-27 08:00:00',NULL,'0'),('30','29','0,1,27,28,19','查看',30,NULL,NULL,NULL,'0','cms:category:view','1','2013-05-27 08:00:00','1','2013-05-27 08:00:00',NULL,'1'),('31','29','0,1,27,28,19','修改',40,NULL,NULL,NULL,'0','cms:category:edit','1','2013-05-27 08:00:00','1','2013-05-27 08:00:00',NULL,'1'),('32','28','0,1,27,28,','站点设置',40,'/cms/site/',NULL,'certificate','1',NULL,'1','2013-05-27 08:00:00','1','2013-05-27 08:00:00',NULL,'1'),('33','32','0,1,27,28,32','查看',30,NULL,NULL,NULL,'0','cms:site:view','1','2013-05-27 08:00:00','1','2013-05-27 08:00:00',NULL,'1'),('34','32','0,1,27,28,32','修改',40,NULL,NULL,NULL,'0','cms:site:edit','1','2013-05-27 08:00:00','1','2013-05-27 08:00:00',NULL,'1'),('35','32','0,1,27,28','切换站点',50,'/cms/site/select',NULL,'retweet','1','cms:site:select','1','2013-05-27 08:00:00','1','2013-05-27 08:00:00',NULL,'1'),('36','27','0,1,27,','内容管理',500,NULL,NULL,NULL,'1','cms:view','1','2013-05-27 08:00:00','1','2013-05-27 08:00:00',NULL,'1'),('37','36','0,1,27,36,','内容发布',30,'/cms/',NULL,'briefcase','1',NULL,'1','2013-05-27 08:00:00','1','2013-05-27 08:00:00',NULL,'1'),('38','37','0,1,27,36,37,','文章模型',40,'/cms/article/',NULL,'file','0',NULL,'1','2013-05-27 08:00:00','1','2013-05-27 08:00:00',NULL,'1'),('39','38','0,1,27,36,37,38,','查看',30,NULL,NULL,NULL,'0','cms:article:view','1','2013-05-27 08:00:00','1','2013-05-27 08:00:00',NULL,'1'),('4','3','0,1,2,3,','菜单管理',30,'/sys/menu/',NULL,'list-alt','1',NULL,'1','2013-05-27 08:00:00','1','2013-05-27 08:00:00',NULL,'0'),('40','38','0,1,27,36,37,38,','修改',40,NULL,NULL,NULL,'0','cms:article:edit','1','2013-05-27 08:00:00','1','2013-05-27 08:00:00',NULL,'1'),('41','38','0,1,27,36,37,38,','审核',50,NULL,NULL,NULL,'0','cms:article:audit','1','2013-05-27 08:00:00','1','2013-05-27 08:00:00',NULL,'1'),('42','37','0,1,27,36,37,','链接模型',60,'/cms/link/',NULL,'random','0',NULL,'1','2013-05-27 08:00:00','1','2013-05-27 08:00:00',NULL,'1'),('43','42','0,1,27,36,37,42','查看',30,NULL,NULL,NULL,'0','cms:link:view','1','2013-05-27 08:00:00','1','2013-05-27 08:00:00',NULL,'1'),('44','42','0,1,27,36,37,42','修改',40,NULL,NULL,NULL,'0','cms:link:edit','1','2013-05-27 08:00:00','1','2013-05-27 08:00:00',NULL,'1'),('45','42','0,1,27,36,37,42','审核',50,NULL,NULL,NULL,'0','cms:link:audit','1','2013-05-27 08:00:00','1','2013-05-27 08:00:00',NULL,'1'),('46','36','0,1,27,36,','评论管理',40,'/cms/comment/?status=2',NULL,'comment','1',NULL,'1','2013-05-27 08:00:00','1','2013-05-27 08:00:00',NULL,'1'),('47','46','0,1,27,36,46,','查看',30,NULL,NULL,NULL,'0','cms:comment:view','1','2013-05-27 08:00:00','1','2013-05-27 08:00:00',NULL,'1'),('48','46','0,1,27,36,47,','审核',40,NULL,NULL,NULL,'0','cms:comment:edit','1','2013-05-27 08:00:00','1','2013-05-27 08:00:00',NULL,'1'),('49','36','0,1,27,36,','公共留言',80,'/cms/guestbook/?status=2',NULL,'glass','1',NULL,'1','2013-05-27 08:00:00','1','2013-05-27 08:00:00',NULL,'1'),('5','4','0,1,2,3,4,','查看',30,NULL,NULL,NULL,'0','sys:menu:view','1','2013-05-27 08:00:00','1','2013-05-27 08:00:00',NULL,'0'),('50','49','0,1,27,36,49,','查看',30,NULL,NULL,NULL,'0','cms:guestbook:view','1','2013-05-27 08:00:00','1','2013-05-27 08:00:00',NULL,'1'),('51','49','0,1,27,36,49,','审核',40,NULL,NULL,NULL,'0','cms:guestbook:edit','1','2013-05-27 08:00:00','1','2013-05-27 08:00:00',NULL,'1'),('52','36','0,1,27,36','文件管理',90,'/../static/ckfinder/ckfinder.html',NULL,'folder-open','1',NULL,'1','2013-05-27 08:00:00','1','2013-05-27 08:00:00',NULL,'1'),('53','52','0,1,27,36,52,','查看',30,NULL,NULL,NULL,'0','cms:ckfinder:view','1','2013-05-27 08:00:00','1','2013-05-27 08:00:00',NULL,'1'),('54','52','0,1,27,36,52,','上传',40,NULL,NULL,NULL,'0','cms:ckfinder:upload','1','2013-05-27 08:00:00','1','2013-05-27 08:00:00',NULL,'1'),('55','52','0,1,27,36,52,','修改',50,NULL,NULL,NULL,'0','cms:ckfinder:edit','1','2013-05-27 08:00:00','1','2013-05-27 08:00:00',NULL,'1'),('56','31','0,1,31,','统计分析',600,NULL,NULL,NULL,'1',NULL,'1','2013-05-27 08:00:00','1','2013-05-27 08:00:00',NULL,'1'),('57','60','0,1,31,60,','信息量统计',30,'/cms/stats/article',NULL,'tasks','1','cms:stats:article','1','2013-05-27 08:00:00','1','2013-05-27 08:00:00',NULL,'1'),('58','2','0,1,2,','日志查询',985,NULL,NULL,NULL,'1',NULL,'1','2013-06-03 08:00:00','1','2013-06-03 08:00:00',NULL,'1'),('59','58','0,1,2,58,','日志查询',30,'/sys/log',NULL,'pencil','1','sys:log:view','1','2013-06-03 08:00:00','1','2013-06-03 08:00:00',NULL,'1'),('6','4','0,1,2,3,4,','修改',40,NULL,NULL,NULL,'0','sys:menu:edit','1','2013-05-27 08:00:00','1','2013-05-27 08:00:00',NULL,'0'),('60','27','0,1,27,','文件管理',90,NULL,NULL,NULL,'1',NULL,'1','2013-05-27 08:00:00','1','2013-05-27 08:00:00',NULL,'1'),('61','1','0,1,','代码生成',5000,NULL,NULL,NULL,'1',NULL,'1','2013-10-16 08:00:00','1','2013-10-16 08:00:00',NULL,'0'),('62','61','0,1,61,','代码生成',50,NULL,NULL,NULL,'1',NULL,'1','2013-10-16 08:00:00','1','2013-10-16 08:00:00',NULL,'0'),('63','62','0,1,61,62,','生成方案配置',30,'/gen/genScheme',NULL,NULL,'1','gen:genScheme:view,gen:genScheme:edit','1','2013-10-16 08:00:00','1','2013-10-16 08:00:00',NULL,'0'),('64','62','0,1,61,62,','业务表配置',20,'/gen/genTable',NULL,NULL,'1','gen:genTable:view,gen:genTable:edit,gen:genTableColumn:view,gen:genTableColumn:edit','1','2013-10-16 08:00:00','1','2013-10-16 08:00:00',NULL,'0'),('65','62','0,1,61,62,','代码模板管理',90,'/gen/genTemplate',NULL,NULL,'1','gen:genTemplate:view,gen:genTemplate:edit','1','2013-10-16 08:00:00','1','2013-10-16 08:00:00',NULL,'1'),('66','58','0,1,2,58,','连接池监视',40,'/../druid',NULL,NULL,'1',NULL,'1','2013-10-18 08:00:00','1','2013-10-18 08:00:00',NULL,'0'),('67','1','0,1,','信息管理',100,NULL,NULL,NULL,'1',NULL,'1','2013-10-18 08:00:00','1','2013-10-18 08:00:00',NULL,'0'),('68','67','0,1,67,','产品数据',10,NULL,NULL,NULL,'1',NULL,'1','2013-10-18 08:00:00','1','2013-10-18 08:00:00',NULL,'0'),('69','68','0,1,67,68,','产品概况',10,'/mms/product',NULL,NULL,'1',NULL,'1','2013-10-18 08:00:00','1','2013-10-18 08:00:00',NULL,'0'),('7','3','0,1,2,3,','角色管理',50,'/sys/role/',NULL,'lock','1',NULL,'1','2013-05-27 08:00:00','1','2013-05-27 08:00:00',NULL,'0'),('70','69','0,1,67,68,69,','查看',10,NULL,NULL,NULL,'0','mms:product:view','1','2013-10-18 08:00:00','1','2013-10-18 08:00:00',NULL,'0'),('71','69','0,1,67,68,69,','修改',20,NULL,NULL,NULL,'0','mms:product:edit','1','2013-10-18 08:00:00','1','2013-10-18 08:00:00',NULL,'0'),('72','68','0,1,67,68,','市场部数据',20,'/mms/marketProduct',NULL,NULL,'1',NULL,'1','2013-10-18 08:00:00','1','2013-10-18 08:00:00',NULL,'0'),('73','72','0,1,67,68,72,','查看',10,NULL,NULL,NULL,'0','mms:marketProduct:view','1','2013-10-18 08:00:00','1','2013-10-18 08:00:00',NULL,'0'),('74','72','0,1,67,68,72,','修改',20,NULL,NULL,NULL,'0','mms:marketProduct:edit','1','2013-10-18 08:00:00','1','2013-10-18 08:00:00',NULL,'0'),('75','68','0,1,67,68,','综合部数据',40,'/mms/comprehensiveProduct',NULL,NULL,'1',NULL,'1','2013-10-18 08:00:00','1','2013-10-18 08:00:00',NULL,'0'),('76','75','0,1,67,68,75,','查看',10,NULL,NULL,NULL,'0','mms:comprehensiveProduct:view','1','2013-10-18 08:00:00','1','2013-10-18 08:00:00',NULL,'0'),('77','75','0,1,67,68,75,','修改',20,NULL,NULL,NULL,'0','mms:comprehensiveProduct:edit','1','2013-10-18 08:00:00','1','2013-10-18 08:00:00',NULL,'0'),('78','68','0,1,67,68,','申报部数据',30,'/mms/declareProduct',NULL,NULL,'1',NULL,'1','2013-10-18 08:00:00','1','2013-10-18 08:00:00',NULL,'0'),('79','78','0,1,67,68,78,','查看',10,NULL,NULL,NULL,'0','mms:declareProduct:view','1','2013-10-18 08:00:00','1','2013-10-18 08:00:00',NULL,'0'),('8','7','0,1,2,3,7,','查看',30,NULL,NULL,NULL,'0','sys:role:view','1','2013-05-27 08:00:00','1','2013-05-27 08:00:00',NULL,'0'),('80','78','0,1,67,68,78,','修改',20,NULL,NULL,NULL,'0','mms:declareProduct:edit','1','2013-10-18 08:00:00','1','2013-10-18 08:00:00',NULL,'0'),('81','68','0,1,67,68,','全部数据',50,'/mms/product/productInformation?isFirst=1',NULL,NULL,'1',NULL,'1','2013-10-18 08:00:00','1','2013-10-18 08:00:00',NULL,'0'),('82','67','0,1,67,','配方和原料',20,NULL,NULL,NULL,'1',NULL,'1','2013-10-18 08:00:00','1','2013-10-18 08:00:00',NULL,'0'),('83','82','0,1,67,82,','配方分析',10,'/mms/formula',NULL,NULL,'1',NULL,'1','2013-10-18 08:00:00','1','2013-10-18 08:00:00',NULL,'0'),('84','83','0,1,67,82,83,','查看',10,NULL,NULL,NULL,'0','mms:formula:view','1','2013-10-18 08:00:00','1','2013-10-18 08:00:00',NULL,'0'),('85','83','0,1,67,82,83,','修改',20,NULL,NULL,NULL,'0','mms:formula:edit','1','2013-10-18 08:00:00','1','2013-10-18 08:00:00',NULL,'0'),('86','82','0,1,67,82,','原料使用数据库',20,'/mms/materialUsedDatabase',NULL,NULL,'1',NULL,'1','2013-10-18 08:00:00','1','2013-10-18 08:00:00',NULL,'0'),('87','86','0,1,67,82,86，','查看',10,NULL,NULL,NULL,'0','mms:materialUsedDatabase:view','1','2013-10-18 08:00:00','1','2013-10-18 08:00:00',NULL,'0'),('88','86','0,1,67,82,86，','修改',20,NULL,NULL,NULL,'0','mms:materialUsedDatabase:edit','1','2013-10-18 08:00:00','1','2013-10-18 08:00:00',NULL,'0'),('89','82','0,1,67,82,','风险评估数据库',30,'/mms/nameToRiskMaterial',NULL,NULL,'1',NULL,'1','2013-10-18 08:00:00','1','2013-10-18 08:00:00',NULL,'0'),('9','7','0,1,2,3,7,','修改',40,NULL,NULL,NULL,'0','sys:role:edit','1','2013-05-27 08:00:00','1','2013-05-27 08:00:00',NULL,'0'),('90','89','0,1,67,82,89，','查看',10,NULL,NULL,NULL,'0','mms:nameToRiskMaterial:view','1','2013-10-18 08:00:00','1','2013-10-18 08:00:00',NULL,'0'),('91','89','0,1,67,82,89，','修改',20,NULL,NULL,NULL,'0','mms:nameToRiskMaterial:edit','1','2013-10-18 08:00:00','1','2013-10-18 08:00:00',NULL,'0'),('92','82','0,1,67,82,','已使用原料',40,'/mms/rawMaterialList',NULL,NULL,'1',NULL,'1','2013-10-18 08:00:00','1','2013-10-18 08:00:00',NULL,'0'),('93','92','0,1,67,82,92，','查看',10,NULL,NULL,NULL,'0','mms:rawMaterialList:view','1','2013-10-18 08:00:00','1','2013-10-18 08:00:00',NULL,'0'),('94','92','0,1,67,82,92，','修改',20,NULL,NULL,NULL,'0','mms:rawMaterialList:edit','1','2013-10-18 08:00:00','1','2013-10-18 08:00:00',NULL,'0'),('95','82','0,1,67,82,','配方禁用物质',50,'/mms/forbiddenComponent',NULL,NULL,'1',NULL,'1','2013-10-18 08:00:00','1','2013-10-18 08:00:00',NULL,'0'),('96','95','0,1,67,82,95，','查看',10,NULL,NULL,NULL,'0','mms:forbiddenComponent:view','1','2013-10-18 08:00:00','1','2013-10-18 08:00:00',NULL,'0'),('97','95','0,1,67,82,95，','修改',20,NULL,NULL,NULL,'0','mms:forbiddenComponent:edit','1','2013-10-18 08:00:00','1','2013-10-18 08:00:00',NULL,'0'),('98','82','0,1,67,82,','配方限用物质',60,'/mms/limitedComponent',NULL,NULL,'1',NULL,'1','2013-10-18 08:00:00','1','2013-10-18 08:00:00',NULL,'0'),('99','98','0,1,67,82,98，','查看',10,NULL,NULL,NULL,'0','mms:limitedComponent:view','1','2013-10-18 08:00:00','1','2013-10-18 08:00:00',NULL,'0');
/*!40000 ALTER TABLE `sys_menu` ENABLE KEYS */;
UNLOCK TABLES;

--
-- Table structure for table `sys_office`
--

DROP TABLE IF EXISTS `sys_office`;
/*!40101 SET @saved_cs_client     = @@character_set_client */;
/*!40101 SET character_set_client = utf8 */;
CREATE TABLE `sys_office` (
  `id` varchar(64) NOT NULL COMMENT '编号',
  `parent_id` varchar(64) NOT NULL COMMENT '父级编号',
  `parent_ids` varchar(2000) NOT NULL COMMENT '所有父级编号',
  `name` varchar(100) NOT NULL COMMENT '名称',
  `sort` decimal(10,0) NOT NULL COMMENT '排序',
  `area_id` varchar(64) NOT NULL COMMENT '归属区域',
  `code` varchar(100) DEFAULT NULL COMMENT '区域编码',
  `type` char(1) NOT NULL COMMENT '机构类型',
  `grade` char(1) NOT NULL COMMENT '机构等级',
  `address` varchar(255) DEFAULT NULL COMMENT '联系地址',
  `zip_code` varchar(100) DEFAULT NULL COMMENT '邮政编码',
  `master` varchar(100) DEFAULT NULL COMMENT '负责人',
  `phone` varchar(200) DEFAULT NULL COMMENT '电话',
  `fax` varchar(200) DEFAULT NULL COMMENT '传真',
  `email` varchar(200) DEFAULT NULL COMMENT '邮箱',
  `USEABLE` varchar(64) DEFAULT NULL COMMENT '是否启用',
  `PRIMARY_PERSON` varchar(64) DEFAULT NULL COMMENT '主负责人',
  `DEPUTY_PERSON` varchar(64) DEFAULT NULL COMMENT '副负责人',
  `create_by` varchar(64) NOT NULL COMMENT '创建者',
  `create_date` datetime NOT NULL COMMENT '创建时间',
  `update_by` varchar(64) NOT NULL COMMENT '更新者',
  `update_date` datetime NOT NULL COMMENT '更新时间',
  `remarks` varchar(255) DEFAULT NULL COMMENT '备注信息',
  `del_flag` char(1) NOT NULL DEFAULT '0' COMMENT '删除标记',
  PRIMARY KEY (`id`),
  KEY `sys_office_parent_id` (`parent_id`),
  KEY `sys_office_del_flag` (`del_flag`),
  KEY `sys_office_type` (`type`)
) ENGINE=InnoDB DEFAULT CHARSET=utf8 COMMENT='机构表';
/*!40101 SET character_set_client = @saved_cs_client */;

--
-- Dumping data for table `sys_office`
--

LOCK TABLES `sys_office` WRITE;
/*!40000 ALTER TABLE `sys_office` DISABLE KEYS */;
INSERT INTO `sys_office` VALUES ('1','0','0,','总公司',10,'2','100000','1','1',NULL,NULL,NULL,NULL,NULL,NULL,'1',NULL,NULL,'1','2013-05-27 08:00:00','1','2013-05-27 08:00:00',NULL,'0'),('2','1','0,1,','公司领导',10,'2','100001','2','2',NULL,NULL,NULL,NULL,NULL,NULL,'1',NULL,NULL,'1','2013-05-27 08:00:00','1','2013-05-27 08:00:00',NULL,'0'),('3','1','0,1,','综合部',20,'2','100002','2','2',NULL,NULL,NULL,NULL,NULL,NULL,'1',NULL,NULL,'1','2013-05-27 08:00:00','1','2013-05-27 08:00:00',NULL,'0'),('4','1','0,1,','市场部',30,'2','100003','2','2',NULL,NULL,NULL,NULL,NULL,NULL,'1',NULL,NULL,'1','2013-05-27 08:00:00','1','2013-05-27 08:00:00',NULL,'0'),('5','1','0,1,','申报部',40,'2','100004','2','2',NULL,NULL,NULL,NULL,NULL,NULL,'1',NULL,NULL,'1','2013-05-27 08:00:00','1','2013-05-27 08:00:00',NULL,'0'),('6','1','0,1,','研发部',50,'2','100005','2','2',NULL,NULL,NULL,NULL,NULL,NULL,'1',NULL,NULL,'1','2013-05-27 08:00:00','1','2013-05-27 08:00:00',NULL,'0');
/*!40000 ALTER TABLE `sys_office` ENABLE KEYS */;
UNLOCK TABLES;

--
-- Table structure for table `sys_role`
--

DROP TABLE IF EXISTS `sys_role`;
/*!40101 SET @saved_cs_client     = @@character_set_client */;
/*!40101 SET character_set_client = utf8 */;
CREATE TABLE `sys_role` (
  `id` varchar(64) NOT NULL COMMENT '编号',
  `office_id` varchar(64) DEFAULT NULL COMMENT '归属机构',
  `name` varchar(100) NOT NULL COMMENT '角色名称',
  `enname` varchar(255) DEFAULT NULL COMMENT '英文名称',
  `role_type` varchar(255) DEFAULT NULL COMMENT '角色类型',
  `data_scope` char(1) DEFAULT NULL COMMENT '数据范围',
  `is_sys` varchar(64) DEFAULT NULL COMMENT '是否系统数据',
  `useable` varchar(64) DEFAULT NULL COMMENT '是否可用',
  `create_by` varchar(64) NOT NULL COMMENT '创建者',
  `create_date` datetime NOT NULL COMMENT '创建时间',
  `update_by` varchar(64) NOT NULL COMMENT '更新者',
  `update_date` datetime NOT NULL COMMENT '更新时间',
  `remarks` varchar(255) DEFAULT NULL COMMENT '备注信息',
  `del_flag` char(1) NOT NULL DEFAULT '0' COMMENT '删除标记',
  PRIMARY KEY (`id`),
  KEY `sys_role_del_flag` (`del_flag`),
  KEY `sys_role_enname` (`enname`)
) ENGINE=InnoDB DEFAULT CHARSET=utf8 COMMENT='角色表';
/*!40101 SET character_set_client = @saved_cs_client */;

--
-- Dumping data for table `sys_role`
--

LOCK TABLES `sys_role` WRITE;
/*!40000 ALTER TABLE `sys_role` DISABLE KEYS */;
INSERT INTO `sys_role` VALUES ('1','1','系统管理员','dept','assignment','1',NULL,'1','1','2013-05-27 08:00:00','1','2013-05-27 08:00:00',NULL,'0'),('2','1','公司管理员','hr','assignment','2',NULL,'1','1','2013-05-27 08:00:00','1','2013-05-27 08:00:00',NULL,'0'),('3','1','本公司管理员','a','assignment','3',NULL,'1','1','2013-05-27 08:00:00','1','2013-05-27 08:00:00',NULL,'0'),('4','1','部门管理员','b','assignment','4',NULL,'1','1','2013-05-27 08:00:00','1','2013-05-27 08:00:00',NULL,'0'),('5','1','本部门管理员','c','assignment','5',NULL,'1','1','2013-05-27 08:00:00','1','2013-05-27 08:00:00',NULL,'0'),('6','1','普通用户','d','assignment','8',NULL,'1','1','2013-05-27 08:00:00','1','2013-05-27 08:00:00',NULL,'0'),('7','7','济南市管理员','e','assignment','9',NULL,'1','1','2013-05-27 08:00:00','1','2013-05-27 08:00:00',NULL,'0');
/*!40000 ALTER TABLE `sys_role` ENABLE KEYS */;
UNLOCK TABLES;

--
-- Table structure for table `sys_role_menu`
--

DROP TABLE IF EXISTS `sys_role_menu`;
/*!40101 SET @saved_cs_client     = @@character_set_client */;
/*!40101 SET character_set_client = utf8 */;
CREATE TABLE `sys_role_menu` (
  `role_id` varchar(64) NOT NULL COMMENT '角色编号',
  `menu_id` varchar(64) NOT NULL COMMENT '菜单编号',
  PRIMARY KEY (`role_id`,`menu_id`)
) ENGINE=InnoDB DEFAULT CHARSET=utf8 COMMENT='角色-菜单';
/*!40101 SET character_set_client = @saved_cs_client */;

--
-- Dumping data for table `sys_role_menu`
--

LOCK TABLES `sys_role_menu` WRITE;
/*!40000 ALTER TABLE `sys_role_menu` DISABLE KEYS */;
INSERT INTO `sys_role_menu` VALUES ('1','1'),('1','10'),('1','11'),('1','12'),('1','13'),('1','14'),('1','15'),('1','16'),('1','17'),('1','18'),('1','19'),('1','2'),('1','20'),('1','21'),('1','22'),('1','23'),('1','24'),('1','25'),('1','26'),('1','27'),('1','28'),('1','29'),('1','3'),('1','30'),('1','31'),('1','32'),('1','33'),('1','34'),('1','35'),('1','36'),('1','37'),('1','38'),('1','39'),('1','4'),('1','40'),('1','41'),('1','42'),('1','43'),('1','44'),('1','45'),('1','46'),('1','47'),('1','48'),('1','49'),('1','5'),('1','50'),('1','51'),('1','52'),('1','53'),('1','54'),('1','55'),('1','56'),('1','57'),('1','58'),('1','59'),('1','6'),('1','60'),('1','61'),('1','62'),('1','63'),('1','64'),('1','65'),('1','66'),('1','67'),('1','68'),('1','69'),('1','7'),('1','70'),('1','71'),('1','72'),('1','73'),('1','74'),('1','75'),('1','76'),('1','77'),('1','78'),('1','79'),('1','8'),('1','80'),('1','81'),('1','82'),('1','83'),('1','84'),('1','85'),('1','86'),('1','87'),('1','88'),('1','89'),('1','9'),('1','90'),('2','1'),('2','10'),('2','11'),('2','12'),('2','13'),('2','14'),('2','15'),('2','16'),('2','17'),('2','18'),('2','19'),('2','2'),('2','20'),('2','21'),('2','22'),('2','23'),('2','24'),('2','25'),('2','26'),('2','27'),('2','28'),('2','29'),('2','3'),('2','30'),('2','31'),('2','32'),('2','33'),('2','34'),('2','35'),('2','36'),('2','37'),('2','38'),('2','39'),('2','4'),('2','40'),('2','41'),('2','42'),('2','43'),('2','44'),('2','45'),('2','46'),('2','47'),('2','48'),('2','49'),('2','5'),('2','50'),('2','51'),('2','52'),('2','53'),('2','54'),('2','55'),('2','56'),('2','57'),('2','58'),('2','59'),('2','6'),('2','60'),('2','61'),('2','62'),('2','63'),('2','64'),('2','65'),('2','66'),('2','67'),('2','68'),('2','69'),('2','7'),('2','70'),('2','71'),('2','72'),('2','73'),('2','74'),('2','75'),('2','76'),('2','77'),('2','78'),('2','79'),('2','8'),('2','80'),('2','81'),('2','82'),('2','83'),('2','84'),('2','85'),('2','86'),('2','87'),('2','88'),('2','89'),('2','9'),('2','90'),('3','1'),('3','10'),('3','11'),('3','12'),('3','13'),('3','14'),('3','15'),('3','16'),('3','17'),('3','18'),('3','19'),('3','2'),('3','20'),('3','21'),('3','22'),('3','23'),('3','24'),('3','25'),('3','26'),('3','27'),('3','28'),('3','29'),('3','3'),('3','30'),('3','31'),('3','32'),('3','33'),('3','34'),('3','35'),('3','36'),('3','37'),('3','38'),('3','39'),('3','4'),('3','40'),('3','41'),('3','42'),('3','43'),('3','44'),('3','45'),('3','46'),('3','47'),('3','48'),('3','49'),('3','5'),('3','50'),('3','51'),('3','52'),('3','53'),('3','54'),('3','55'),('3','56'),('3','57'),('3','58'),('3','59'),('3','6'),('3','60'),('3','61'),('3','62'),('3','63'),('3','64'),('3','65'),('3','66'),('3','67'),('3','68'),('3','69'),('3','7'),('3','70'),('3','71'),('3','72'),('3','73'),('3','74'),('3','75'),('3','76'),('3','77'),('3','78'),('3','79'),('3','8'),('3','80'),('3','81'),('3','82'),('3','83'),('3','84'),('3','85'),('3','86'),('3','87'),('3','88'),('3','89'),('3','9'),('3','90');
/*!40000 ALTER TABLE `sys_role_menu` ENABLE KEYS */;
UNLOCK TABLES;

--
-- Table structure for table `sys_role_office`
--

DROP TABLE IF EXISTS `sys_role_office`;
/*!40101 SET @saved_cs_client     = @@character_set_client */;
/*!40101 SET character_set_client = utf8 */;
CREATE TABLE `sys_role_office` (
  `role_id` varchar(64) NOT NULL COMMENT '角色编号',
  `office_id` varchar(64) NOT NULL COMMENT '机构编号',
  PRIMARY KEY (`role_id`,`office_id`)
) ENGINE=InnoDB DEFAULT CHARSET=utf8 COMMENT='角色-机构';
/*!40101 SET character_set_client = @saved_cs_client */;

--
-- Dumping data for table `sys_role_office`
--

LOCK TABLES `sys_role_office` WRITE;
/*!40000 ALTER TABLE `sys_role_office` DISABLE KEYS */;
INSERT INTO `sys_role_office` VALUES ('7','10'),('7','11'),('7','12'),('7','13'),('7','14'),('7','15'),('7','16'),('7','17'),('7','18'),('7','19'),('7','20'),('7','21'),('7','22'),('7','23'),('7','24'),('7','25'),('7','26'),('7','7'),('7','8'),('7','9');
/*!40000 ALTER TABLE `sys_role_office` ENABLE KEYS */;
UNLOCK TABLES;

--
-- Table structure for table `sys_user`
--

DROP TABLE IF EXISTS `sys_user`;
/*!40101 SET @saved_cs_client     = @@character_set_client */;
/*!40101 SET character_set_client = utf8 */;
CREATE TABLE `sys_user` (
  `id` varchar(64) NOT NULL COMMENT '编号',
  `company_id` varchar(64) NOT NULL COMMENT '归属公司',
  `office_id` varchar(64) NOT NULL COMMENT '归属部门',
  `login_name` varchar(100) NOT NULL COMMENT '登录名',
  `password` varchar(100) NOT NULL COMMENT '密码',
  `no` varchar(100) DEFAULT NULL COMMENT '工号',
  `name` varchar(100) NOT NULL COMMENT '姓名',
  `email` varchar(200) DEFAULT NULL COMMENT '邮箱',
  `phone` varchar(200) DEFAULT NULL COMMENT '电话',
  `mobile` varchar(200) DEFAULT NULL COMMENT '手机',
  `user_type` char(1) DEFAULT NULL COMMENT '用户类型',
  `photo` varchar(1000) DEFAULT NULL COMMENT '用户头像',
  `login_ip` varchar(100) DEFAULT NULL COMMENT '最后登陆IP',
  `login_date` datetime DEFAULT NULL COMMENT '最后登陆时间',
  `login_flag` varchar(64) DEFAULT NULL COMMENT '是否可登录',
  `create_by` varchar(64) NOT NULL COMMENT '创建者',
  `create_date` datetime NOT NULL COMMENT '创建时间',
  `update_by` varchar(64) NOT NULL COMMENT '更新者',
  `update_date` datetime NOT NULL COMMENT '更新时间',
  `remarks` varchar(255) DEFAULT NULL COMMENT '备注信息',
  `del_flag` char(1) NOT NULL DEFAULT '0' COMMENT '删除标记',
  PRIMARY KEY (`id`),
  KEY `sys_user_office_id` (`office_id`),
  KEY `sys_user_login_name` (`login_name`),
  KEY `sys_user_company_id` (`company_id`),
  KEY `sys_user_update_date` (`update_date`),
  KEY `sys_user_del_flag` (`del_flag`)
) ENGINE=InnoDB DEFAULT CHARSET=utf8 COMMENT='用户表';
/*!40101 SET character_set_client = @saved_cs_client */;

--
-- Dumping data for table `sys_user`
--

LOCK TABLES `sys_user` WRITE;
/*!40000 ALTER TABLE `sys_user` DISABLE KEYS */;
INSERT INTO `sys_user` VALUES ('1','1','2','huaxia','02a3f0772fcca9f415adc990734b45c6f059c7d33ee28362c4852032','0001','系统管理员',NULL,'8675','8675',NULL,NULL,NULL,NULL,'1','1','2013-05-27 08:00:00','1','2013-05-27 08:00:00','最高管理员','0'),('2','1','2','sd_admin','02a3f0772fcca9f415adc990734b45c6f059c7d33ee28362c4852032','0002','董事长',NULL,NULL,NULL,NULL,NULL,NULL,NULL,'1','1','2013-05-27 08:00:00','1','2013-05-27 08:00:00',NULL,'0'),('3','1','3','sd_zhb','02a3f0772fcca9f415adc990734b45c6f059c7d33ee28362c4852032','0003','综合人员',NULL,NULL,NULL,NULL,NULL,NULL,NULL,'1','1','2013-05-27 08:00:00','1','2013-05-27 08:00:00',NULL,'0'),('4','1','4','sd_scb','02a3f0772fcca9f415adc990734b45c6f059c7d33ee28362c4852032','0004','市场人员',NULL,NULL,NULL,NULL,NULL,NULL,NULL,'1','1','2013-05-27 08:00:00','1','2013-05-27 08:00:00',NULL,'0'),('5','1','5','sd_jsb','02a3f0772fcca9f415adc990734b45c6f059c7d33ee28362c4852032','0005','申报部人员',NULL,NULL,NULL,NULL,NULL,NULL,NULL,'1','1','2013-05-27 08:00:00','1','2013-05-27 08:00:00',NULL,'0'),('6','1','6','sd_yfb','02a3f0772fcca9f415adc990734b45c6f059c7d33ee28362c4852032','0006','研发部人员',NULL,NULL,NULL,NULL,NULL,NULL,NULL,'1','1','2013-05-27 08:00:00','1','2013-05-27 08:00:00',NULL,'0');
/*!40000 ALTER TABLE `sys_user` ENABLE KEYS */;
UNLOCK TABLES;

--
-- Table structure for table `sys_user_role`
--

DROP TABLE IF EXISTS `sys_user_role`;
/*!40101 SET @saved_cs_client     = @@character_set_client */;
/*!40101 SET character_set_client = utf8 */;
CREATE TABLE `sys_user_role` (
  `user_id` varchar(64) NOT NULL COMMENT '用户编号',
  `role_id` varchar(64) NOT NULL COMMENT '角色编号',
  PRIMARY KEY (`user_id`,`role_id`)
) ENGINE=InnoDB DEFAULT CHARSET=utf8 COMMENT='用户-角色';
/*!40101 SET character_set_client = @saved_cs_client */;

--
-- Dumping data for table `sys_user_role`
--

LOCK TABLES `sys_user_role` WRITE;
/*!40000 ALTER TABLE `sys_user_role` DISABLE KEYS */;
INSERT INTO `sys_user_role` VALUES ('1','1'),('1','2'),('10','2'),('11','3'),('12','4'),('13','5'),('14','6'),('2','1'),('3','2'),('4','3'),('5','4'),('6','5'),('7','2'),('7','7'),('8','2'),('9','1');
/*!40000 ALTER TABLE `sys_user_role` ENABLE KEYS */;
UNLOCK TABLES;
/*!40103 SET TIME_ZONE=@OLD_TIME_ZONE */;

/*!40101 SET SQL_MODE=@OLD_SQL_MODE */;
/*!40014 SET FOREIGN_KEY_CHECKS=@OLD_FOREIGN_KEY_CHECKS */;
/*!40014 SET UNIQUE_CHECKS=@OLD_UNIQUE_CHECKS */;
/*!40101 SET CHARACTER_SET_CLIENT=@OLD_CHARACTER_SET_CLIENT */;
/*!40101 SET CHARACTER_SET_RESULTS=@OLD_CHARACTER_SET_RESULTS */;
/*!40101 SET COLLATION_CONNECTION=@OLD_COLLATION_CONNECTION */;
/*!40111 SET SQL_NOTES=@OLD_SQL_NOTES */;

-- Dump completed on 2017-04-14 15:54:48
